,Date,Timestamp,Nirvana,Nirvana,Nirvana,Nirvana,Nirvana,Nirvana,Nirvana,Nirvana,Nirvana,Nirvana,Nirvana,Nirvana,Nirvana,Nirvana,Nirvana,Nirvana
,,,CDP,CDP,CDP,CDP,CDP,CDP,CDP,CDP,CDP,CDP,CDP,CDP,CDP,CDP,CDP,CDP
,,,solana-staking,solana,Total,staking,solana-staking,solana,solana,Total,Total,staking,solana-staking,solana,solana,Total,Total,staking
,,,TVL,TVL,TVL,TVL,Tokens(USD),Tokens(USD),Tokens(USD),Tokens(USD),Tokens(USD),Tokens(USD),Tokens,Tokens,Tokens,Tokens,Tokens,Tokens
,,,,,,,nirvana-ana,tether,usd-coin,tether,usd-coin,nirvana-ana,nirvana-ana,tether,usd-coin,tether,usd-coin,nirvana-ana
,15/06/2022,1655251200,15055822.810306722,0,0,15055822.810306722,15055822.810306722,,,,,15055822.810306722,1728567.486832,,,,,1728567.486832
,16/06/2022,1655337600,15136792.417456359,0,0,15136792.417456359,15136792.417456359,,,,,15136792.417456359,1743870.094177,,,,,1743870.094177
,17/06/2022,1655424000,15638902.22267985,0,0,15638902.22267985,15638902.22267985,,,,,15638902.22267985,1751276.844645,,,,,1751276.844645
,18/06/2022,1655510400,15642349.50524016,0,0,15642349.50524016,15642349.50524016,,,,,15642349.50524016,1753626.626148,,,,,1753626.626148
,19/06/2022,1655596800,15447268.65487089,0,0,15447268.65487089,15447268.65487089,,,,,15447268.65487089,1749407.548683,,,,,1749407.548683
,20/06/2022,1655683200,14904574.0391888,0,0,14904574.0391888,14904574.0391888,,,,,14904574.0391888,1741188.55598,,,,,1741188.55598
,21/06/2022,1655769600,14923732.013686,0,0,14923732.013686,14923732.013686,,,,,14923732.013686,1735317.67601,,,,,1735317.67601
,22/06/2022,1655856000,14911773.10379328,0,0,14911773.10379328,14911773.10379328,,,,,14911773.10379328,1737968.893216,,,,,1737968.893216
,23/06/2022,1655942400,15256399.95995564,0,0,15256399.95995564,15256399.95995564,,,,,15256399.95995564,1737630.974938,,,,,1737630.974938
,24/06/2022,1656028800,14868994.86777154,0,0,14868994.86777154,14868994.86777154,,,,,14868994.86777154,1743141.250618,,,,,1743141.250618
,25/06/2022,1656115200,14660077.740985282,0,0,14660077.740985282,14660077.740985282,,,,,14660077.740985282,1749412.618256,,,,,1749412.618256
,26/06/2022,1656201600,15004932.41008148,4027014.6822821456,4027014.6822821456,15004932.41008148,15004932.41008148,4012360.1419361457,14654.540346,4012360.1419361457,14654.540346,15004932.41008148,1759077.6565160002,4008351.790146,14654.540346,4008351.790146,14654.540346,1759077.6565160002
,27/06/2022,1656288000,15064283.1439269,3993624.7553729643,3993624.7553729643,15064283.1439269,15064283.1439269,3991040.149385,2584.6059879639997,3991040.149385,2584.6059879639997,15064283.1439269,1761904.461278,3991040.149385,2582.023964,3991040.149385,2582.023964,1761904.461278
,28/06/2022,1656374400,15268366.429597199,4001934.1351682525,4001934.1351682525,15268366.429597199,15268366.429597199,4001884.4420047323,49.69316352,4001884.4420047323,49.69316352,15268366.429597199,1775391.445302,3989914.697911,49.64352,3989914.697911,49.64352,1775391.445302
,29/06/2022,1656460800,15254876.259046188,3984727.4805027666,3984727.4805027666,15254876.259046188,15254876.259046188,3984717.177343901,10.303158865999999,3984717.177343901,10.303158865999999,15254876.259046188,1775887.8066409999,3988107.068352,10.292866,3988107.068352,10.292866,1775887.8066409999
,30/06/2022,1656547200,15232784.613200102,3991323.4742060676,3991323.4742060676,15232784.613200102,15232784.613200102,3991240.0069732186,83.46723284899998,3991240.0069732186,83.46723284899998,15232784.613200102,1781612.2354620001,3987252.754219,83.383849,3987252.754219,83.383849,1781612.2354620001
,01/07/2022,1656633600,15015213.48416244,3799993.3841361655,3799993.3841361655,15015213.48416244,15015213.48416244,3799864.0087980465,129.375338119,3799864.0087980465,129.375338119,15015213.48416244,1779053.730351,3836986.856636,128.988373,3836986.856636,128.988373,1779053.730351
,02/07/2022,1656720000,15047347.512488319,3802690.9130289117,3802690.9130289117,15047347.512488319,15047347.512488319,3801296.8789046695,1394.034124242,3801296.8789046695,1394.034124242,15047347.512488319,1787095.904096,3782384.954134,1391.251621,3782384.954134,1391.251621,1787095.904096
,03/07/2022,1656806400,15059618.44891372,3686421.780769727,3686421.780769727,15059618.44891372,15059618.44891372,3686395.4683826263,26.312387100999995,3686395.4683826263,26.312387100999995,15059618.44891372,1788553.259966,3682712.755627,26.286101,3682712.755627,26.286101,1788553.259966
,04/07/2022,1656892800,15101477.813481119,3672634.1892511966,3672634.1892511966,15101477.813481119,15101477.813481119,3672623.3465891965,10.842662,3672623.3465891965,10.842662,15101477.813481119,1793524.6809359998,3668954.392197,10.842662,3668954.392197,10.842662,1793524.6809359998
,05/07/2022,1656979200,15145694.747161001,3619642.148266256,3619642.148266256,15145694.747161001,15145694.747161001,3614059.046222,5583.102044256,3614059.046222,5583.102044256,15145694.747161001,1800914.9521,3614059.046222,5571.958128,3614059.046222,5571.958128,1800914.9521
,06/07/2022,1657065600,15169390.1198532,3612408.221063773,3612408.221063773,15169390.1198532,15169390.1198532,3610805.210274393,1603.0107893799998,3610805.210274393,1603.0107893799998,15169390.1198532,1805879.776173,3612434.418197,1601.40938,3612434.418197,1601.40938,1805879.776173
,07/07/2022,1657152000,15195602.471070003,3605513.570250227,3605513.570250227,15195602.471070003,15195602.471070003,3605475.967458,37.602792226999995,3605475.967458,37.602792226999995,15195602.471070003,1809000.2941750002,3605475.967458,37.565227,3605475.967458,37.565227,1809000.2941750002
,08/07/2022,1657238400,15253759.57929705,3600834.519209933,3600834.519209933,15253759.57929705,15253759.57929705,3599324.796277,1509.7229329329998,3599324.796277,1509.7229329329998,15253759.57929705,1818088.150095,3599324.796277,1505.207311,3599324.796277,1505.207311,1818088.150095
,09/07/2022,1657324800,15538368.824950708,3582085.0374791147,3582085.0374791147,15538368.824950708,15538368.824950708,3582018.7697214675,66.26775764699998,3582018.7697214675,66.26775764699998,15538368.824950708,1821614.164707,3571304.855156,66.069549,3571304.855156,66.069549,1821614.164707
,10/07/2022,1657411200,15553476.1097405,3581940.0094531476,3581940.0094531476,15553476.1097405,15553476.1097405,3574614.6020905315,7325.407362615999,3574614.6020905315,7325.407362615999,15553476.1097405,1829820.7187929999,3571043.558532,7303.496872,3571043.558532,7303.496872,1829820.7187929999
,11/07/2022,1657497600,15609061.2665085,3579013.804817228,3579013.804817228,15609061.2665085,15609061.2665085,3569645.691029707,9368.113787520999,3569645.691029707,9368.113787520999,15609061.2665085,1836360.149001,3570941.942955,9340.093507,3570941.942955,9340.093507,1836360.149001
,12/07/2022,1657584000,15684194.48999155,3573306.855615288,3573306.855615288,15684194.48999155,15684194.48999155,3570581.623386,2725.2322292880003,3570581.623386,2725.2322292880003,15684194.48999155,1843031.079905,3570581.623386,2719.792644,3570581.623386,2719.792644,1843031.079905
,13/07/2022,1657670400,15664254.17595919,3538760.9531635228,3538760.9531635228,15664254.17595919,15664254.17595919,3530935.2192845596,7825.733878962999,3530935.2192845596,7825.733878962999,15664254.17595919,1840687.917269,3537713.478309,7817.915963,3537713.478309,7817.915963,1840687.917269
,14/07/2022,1657756800,15571353.264908763,3530789.290268758,3530789.290268758,15571353.264908763,15571353.264908763,3528209.378176,2579.9120927579997,3528209.378176,2579.9120927579997,15571353.264908763,1840585.492306,3528209.378176,2577.334758,3528209.378176,2577.334758,1840585.492306
,15/07/2022,1657843200,16293183.00929234,3512300.62507585,3512300.62507585,16293183.00929234,16293183.00929234,3512151.842592,148.78248384999998,3512151.842592,148.78248384999998,16293183.00929234,1855715.604703,3512151.842592,148.63385,3512151.842592,148.63385,1855715.604703
,16/07/2022,1657929600,16541656.450438559,3513244.2770331735,3513244.2770331735,16541656.450438559,16541656.450438559,3512628.9089631736,615.36807,3512628.9089631736,615.36807,16541656.450438559,1860703.7627039999,3509119.789174,615.36807,3509119.789174,615.36807,1860703.7627039999
,17/07/2022,1658016000,16528527.15131126,3525878.7181958607,3525878.7181958607,16528527.15131126,16528527.15131126,3523451.113466,2427.604729860704,3523451.113466,2427.604729860704,16528527.15131126,1865522.251841,3523451.113466,2428.265218,3523451.113466,2428.265218,1865522.251841
,18/07/2022,1658102400,16394702.96771008,3521721.188919923,3521721.188919923,16394702.96771008,16394702.96771008,3521499.189219,221.99970092299995,3521499.189219,221.99970092299995,16394702.96771008,1867278.242336,3521499.189219,221.777923,3521499.189219,221.777923,1867278.242336
,19/07/2022,1658188800,16631149.491759278,3540715.1513311244,3540715.1513311244,16631149.491759278,16631149.491759278,3537100.2953344043,3614.8559967200003,3537100.2953344043,3614.8559967200003,16631149.491759278,1874988.668744,3526520.733135,3600.45418,3526520.733135,3600.45418,1874988.668744
,20/07/2022,1658275200,16761338.719699001,3525289.221014922,3525289.221014922,16761338.719699001,16761338.719699001,3523936.481415126,1352.739599796,3523936.481415126,1352.739599796,16761338.719699001,1885414.9291,3516902.676063,1347.350199,3516902.676063,1347.350199,1885414.9291
,21/07/2022,1658361600,16828822.205766696,3514256.40574233,3514256.40574233,16828822.205766696,16828822.205766696,3510900.7657234343,3355.6400188956522,3510900.7657234343,3355.6400188956522,16828822.205766696,1899415.598845,3511343.194966,3359.681716,3511343.194966,3359.681716,1899415.598845
,22/07/2022,1658448000,16911543.651897002,3503344.6890394213,3503344.6890394213,16911543.651897002,16911543.651897002,3502870.437586176,474.251453245176,3502870.437586176,474.251453245176,16911543.651897002,1910908.8872200001,3506991.15219,474.470184,3506991.15219,474.470184,1910908.8872200001
,23/07/2022,1658534400,16978018.62347237,3505375.7796603506,3505375.7796603506,16978018.62347237,16978018.62347237,3499836.6222830005,5539.1573773499995,3499836.6222830005,5539.1573773499995,16978018.62347237,1914094.546051,3496340.282001,5528.101175,3496340.282001,5528.101175,1914094.546051
,24/07/2022,1658620800,16990937.94361403,3503734.7530110213,3503734.7530110213,16990937.94361403,16990937.94361403,3495118.1535590314,8616.59945199,3495118.1535590314,8616.59945199,16990937.94361403,1915551.064669,3491626.527032,8573.730798,3491626.527032,8573.730798,1915551.064669
,25/07/2022,1658707200,17149984.096865762,3532100.460495096,3532100.460495096,17149984.096865762,17149984.096865762,3495739.713606,36360.746889096,3495739.713606,36360.746889096,17149984.096865762,1944442.641368,3495739.713606,36288.170548,3495739.713606,36288.170548,1944442.641368
,26/07/2022,1658793600,17432615.97230284,3556596.3505638097,3556596.3505638097,17432615.97230284,17432615.97230284,3509804.063870992,46792.286692817564,3509804.063870992,46792.286692817564,17432615.97230284,1954329.144877,3495820.780748,46872.297705,3495820.780748,46872.297705,1954329.144877
,27/07/2022,1658880000,17449878.69692298,3549866.977414662,3549866.977414662,17449878.69692298,17449878.69692298,3498840.777329898,51026.200084764,3498840.777329898,51026.200084764,17449878.69692298,1958460.010878,3495345.431898,50924.351382,3495345.431898,50924.351382,1958460.010878
,28/07/2022,1658966400,17443785.85082182,3542047.124606041,3542047.124606041,17443785.85082182,17443785.85082182,3492596.627406,49450.497200040576,3492596.627406,49450.497200040576,17443785.85082182,1962180.635638,3492596.627406,49460.933457,3492596.627406,49460.933457,1962180.635638
,29/07/2022,1659052800,3641152.6531774797,0.007762551999999999,0.007762551999999999,3641152.6531774797,3641152.6531774797,0.005959953999999999,0.001802598,0.005959953999999999,0.001802598,3641152.6531774797,1926535.795332,0.005954,0.001799,0.005954,0.001799,1926535.795332
,30/07/2022,1659139200,3489014.0135491197,0.009865045,0.009865045,3489014.0135491197,3489014.0135491197,0.009131311999999999,0.000733733,0.009131311999999999,0.000733733,3489014.0135491197,1846039.160608,0.009104,0.000733,0.009104,0.000733,1846039.160608
,31/07/2022,1659225600,3532511.4367139097,0.012753740999999999,0.012753740999999999,3532511.4367139097,3532511.4367139097,0.009113103999999999,0.0036406369999999995,0.009113103999999999,0.0036406369999999995,3532511.4367139097,1869053.670219,0.009104,0.003637,0.009104,0.003637,1869053.670219
,01/08/2022,1659312000,3597080.96025999,0.919783776,0.919783776,3597080.96025999,3597080.96025999,0.000776776,0.919007,0.000776776,0.919007,3597080.96025999,1903217.4392910001,0.000776,0.919007,0.000776,0.919007,1903217.4392910001
,02/08/2022,1659398400,1342569.0605716514,0.06409092599999999,0.06409092599999999,1342569.0605716514,1342569.0605716514,0.000777552,0.06331337399999999,0.000777552,0.06331337399999999,1342569.0605716514,1913366.454706,0.000776,0.063187,0.000776,0.063187,1913366.454706
,03/08/2022,1659484800,1206181.6719720918,0.037617831903000006,0.037617831903000006,1206181.6719720918,1206181.6719720918,0.000777552,0.036840279903000005,0.000777552,0.036840279903000005,1206181.6719720918,1920283.114676,0.000776,0.036893,0.000776,0.036893,1920283.114676
,04/08/2022,1659571200,1466649.7610986196,0.006461455,0.006461455,1466649.7610986196,1466649.7610986196,0.0027347319999999997,0.003726723,0.0027347319999999997,0.003726723,1466649.7610986196,1929383.437936,0.002732,0.003723,0.002732,0.003723,1929383.437936
,05/08/2022,1659657600,1362412.4249295888,0.007078071,0.007078071,1362412.4249295888,1362412.4249295888,0.0027347319999999997,0.004343339,0.0027347319999999997,0.004343339,1362412.4249295888,1934728.2613869999,0.002732,0.004339,0.002732,0.004339,1934728.2613869999
,06/08/2022,1659744000,1231045.097578842,0.023294587716,0.023294587716,1231045.097578842,1231045.097578842,0.002730901736,0.02056368598,0.002730901736,0.02056368598,1231045.097578842,1935705.9369100002,0.002732,0.02059,0.002732,0.02059,1935705.9369100002
,07/08/2022,1659830400,1294109.736714849,0.005514640487999999,0.005514640487999999,1294109.736714849,1294109.736714849,0.0026317604879999997,0.00288288,0.0026317604879999997,0.00288288,1294109.736714849,1950799.604318,0.002632,0.00288,0.002632,0.00288,1950799.604318
,08/08/2022,1659916800,1071850.5229015336,0.00550899344,0.00550899344,1071850.5229015336,1071850.5229015336,0.002630684,0.0028783094400000003,0.002630684,0.0028783094400000003,1071850.5229015336,1951629.478998,0.002632,0.00288,0.002632,0.00288,1951629.478998
,09/08/2022,1660003200,970819.1240121437,0.0006126119999999999,0.0006126119999999999,970819.1240121437,970819.1240121437,0.00037637599999999994,0.00023623599999999997,0.00037637599999999994,0.00023623599999999997,970819.1240121437,1948317.078971,0.000376,0.000236,0.000376,0.000236,1948317.078971
,10/08/2022,1660089600,966096.3778128377,0.000532062,0.000532062,966096.3778128377,966096.3778128377,0.000376752,0.00015531,0.000376752,0.00015531,966096.3778128377,1951244.708964,0.000376,0.000155,0.000376,0.000155,1951244.708964
,11/08/2022,1660176000,915027.3757866905,0.003034056,0.003034056,915027.3757866905,915027.3757866905,0.000376752,0.0026573039999999997,0.000376752,0.0026573039999999997,915027.3757866905,1952150.022586,0.000376,0.002652,0.000376,0.002652,1952150.022586
,12/08/2022,1660262400,1000257.0797330282,0.00113113,0.00113113,1000257.0797330282,1000257.0797330282,0.00037637599999999994,0.000754754,0.00037637599999999994,0.000754754,1000257.0797330282,1960469.607268,0.000376,0.000754,0.000376,0.000754,1960469.607268
,13/08/2022,1660348800,949507.5101838366,0.001351402688,0.001351402688,949507.5101838366,949507.5101838366,0.000376,0.0009754026880000001,0.000376,0.0009754026880000001,949507.5101838366,1950688.765773,0.000376,0.000976,0.000376,0.000976,1950688.765773
,14/08/2022,1660435200,892382.1778896032,0.0011449099999999999,0.0011449099999999999,892382.1778896032,892382.1778896032,0.00037637599999999994,0.000768534,0.00037637599999999994,0.000768534,892382.1778896032,1953132.160547,0.000376,0.000767,0.000376,0.000767,1953132.160547
,15/08/2022,1660521600,741878.5240382416,0.0011441429999999998,0.0011441429999999998,741878.5240382416,741878.5240382416,0.00037637599999999994,0.0007677669999999999,0.00037637599999999994,0.0007677669999999999,741878.5240382416,1933944.521735,0.000376,0.000767,0.000376,0.000767,1933944.521735
,16/08/2022,1660608000,713852.1534031028,0.0007919559999999999,0.0007919559999999999,713852.1534031028,713852.1534031028,0.00037712799999999996,0.000414828,0.00037712799999999996,0.000414828,713852.1534031028,1934076.472541,0.000376,0.000414,0.000376,0.000414,1934076.472541
,17/08/2022,1660694400,745675.6043411625,0.0005617459999999999,0.0005617459999999999,745675.6043411625,745675.6043411625,0.00037637599999999994,0.00018537,0.00037637599999999994,0.00018537,745675.6043411625,1943726.290667,0.000376,0.000185,0.000376,0.000185,1943726.290667
,18/08/2022,1660780800,591868.5746952298,0.0005004999999999999,0.0005004999999999999,591868.5746952298,591868.5746952298,0.00037637599999999994,0.00012412399999999998,0.00037637599999999994,0.00012412399999999998,591868.5746952298,1924100.071179,0.000376,0.000124,0.000376,0.000124,1924100.071179
,19/08/2022,1660867200,643561.256175928,0.000500376,0.000500376,643561.256175928,643561.256175928,0.00037637599999999994,0.000124,0.00037637599999999994,0.000124,643561.256175928,1925325.587418,0.000376,0.000124,0.000376,0.000124,1925325.587418
,20/08/2022,1660953600,654721.9116598514,0.0005008759999999999,0.0005008759999999999,654721.9116598514,654721.9116598514,0.000376752,0.00012412399999999998,0.000376752,0.00012412399999999998,654721.9116598514,1925511.099654,0.000376,0.000124,0.000376,0.000124,1925511.099654
,21/08/2022,1661040000,562203.4992666099,0.0005004999999999999,0.0005004999999999999,562203.4992666099,562203.4992666099,0.00037637599999999994,0.00012412399999999998,0.00037637599999999994,0.00012412399999999998,562203.4992666099,1926806.1528089999,0.000376,0.000124,0.000376,0.000124,1926806.1528089999
,22/08/2022,1661126400,691067.8737030129,0.000501376,0.000501376,691067.8737030129,691067.8737030129,0.00037712799999999996,0.000124248,0.00037712799999999996,0.000124248,691067.8737030129,1927847.7560019998,0.000376,0.000124,0.000376,0.000124,1927847.7560019998
,23/08/2022,1661212800,558844.3339814951,0.00440328499,0.00440328499,558844.3339814951,558844.3339814951,0.00037637599999999994,0.0040269089899999996,0.00037637599999999994,0.0040269089899999996,558844.3339814951,1930997.985472,0.000376,0.00403,0.000376,0.00403,1930997.985472
,24/08/2022,1661299200,578843.2404872071,0.0006788778,0.0006788778,578843.2404872071,578843.2404872071,0.00037534839199999996,0.000303529408,0.00037534839199999996,0.000303529408,578843.2404872071,1931421.766202,0.000376,0.000304,0.000376,0.000304,1931421.766202
,25/08/2022,1661385600,590802.8431605343,0.0012624954109999999,0.0012624954109999999,590802.8431605343,590802.8431605343,0.00037572514399999995,0.000886770267,0.00037572514399999995,0.000886770267,590802.8431605343,1930740.864844,0.000376,0.000887,0.000376,0.000887,1930740.864844
,26/08/2022,1661472000,551566.0820910358,0.0004262259999999999,0.0004262259999999999,551566.0820910358,551566.0820910358,0.00037712799999999996,0.000049097999999999996,0.00037712799999999996,0.000049097999999999996,551566.0820910358,1932133.261257,0.000376,0.000049,0.000376,0.000049,1932133.261257
,27/08/2022,1661558400,503950.58100837446,0.00042665099999999995,0.00042665099999999995,503950.58100837446,503950.58100837446,0.00037750399999999997,0.000049146999999999995,0.00037750399999999997,0.000049146999999999995,503950.58100837446,1935071.155429,0.000376,0.000049,0.000376,0.000049,1935071.155429
,28/08/2022,1661644800,489444.082495602,0.00043936447099999994,0.00043936447099999994,489444.082495602,489444.082495602,0.00037637599999999994,0.000062988471,0.00037637599999999994,0.000062988471,489444.082495602,1935227.0642300001,0.000376,0.000063,0.000376,0.000063,1935227.0642300001
,29/08/2022,1661731200,475299.84120176476,0.00043937599999999995,0.00043937599999999995,475299.84120176476,475299.84120176476,0.00037637599999999994,0.000063,0.00037637599999999994,0.000063,475299.84120176476,1935283.5792039998,0.000376,0.000063,0.000376,0.000063,1935283.5792039998
,30/08/2022,1661817600,526642.1971059411,0.0008438429999999999,0.0008438429999999999,526642.1971059411,526642.1971059411,0.00037637599999999994,0.00046746699999999995,0.00037637599999999994,0.00046746699999999995,526642.1971059411,1942956.322425,0.000376,0.000467,0.000376,0.000467,1942956.322425
,31/08/2022,1661904000,517610.64626375074,0.000842973381,0.000842973381,517610.64626375074,517610.64626375074,0.000376,0.000466973381,0.000376,0.000466973381,517610.64626375074,1939735.451398,0.000376,0.000467,0.000376,0.000467,1939735.451398
,01/09/2022,1661990400,544017.0099637992,0.007334839094000001,0.007334839094000001,544017.0099637992,544017.0099637992,0.00037540855199999994,0.006959430542,0.00037540855199999994,0.006959430542,544017.0099637992,1939413.096204,0.000376,0.006973,0.000376,0.006973,1939413.096204
,02/09/2022,1662076800,568526.0986158217,0.0008259343,0.0008259343,568526.0986158217,568526.0986158217,0.000376,0.00044993429999999997,0.000376,0.00044993429999999997,568526.0986158217,1937102.754123,0.000376,0.00045,0.000376,0.00045,1937102.754123
,03/09/2022,1662163200,533733.8209639464,0.000826376,0.000826376,533733.8209639464,533733.8209639464,0.00037637599999999994,0.00045,0.00037637599999999994,0.00045,533733.8209639464,1925787.101486,0.000376,0.00045,0.000376,0.00045,1925787.101486
,04/09/2022,1662249600,520991.3537876407,0.000821376,0.000821376,520991.3537876407,520991.3537876407,0.00037637599999999994,0.000445,0.00037637599999999994,0.000445,520991.3537876407,1926180.4198760001,0.000376,0.000445,0.000376,0.000445,1926180.4198760001
,05/09/2022,1662336000,498550.29459104344,0.001296399,0.001296399,498550.29459104344,498550.29459104344,0.00039939899999999993,0.000897,0.00039939899999999993,0.000897,498550.29459104344,1926094.4776350001,0.000399,0.000897,0.000399,0.000897,1926094.4776350001
,06/09/2022,1662422400,689054.3745223919,0.00045763099999999996,0.00045763099999999996,689054.3745223919,689054.3745223919,0.00039939899999999993,0.000058232,0.00039939899999999993,0.000058232,689054.3745223919,1925367.508068,0.000399,0.000058,0.000399,0.000058,1925367.508068
,07/09/2022,1662508800,699520.2414408949,0.000456985237,0.000456985237,699520.2414408949,699520.2414408949,0.000398985237,0.000058,0.000398985237,0.000058,699520.2414408949,1919565.116353,0.000399,0.000058,0.000399,0.000058,1919565.116353
,08/09/2022,1662595200,714695.4062030122,0.000457058,0.000457058,714695.4062030122,714695.4062030122,0.000399,0.00005805799999999999,0.000399,0.00005805799999999999,714695.4062030122,1919779.215115,0.000399,0.000058,0.000399,0.000058,1919779.215115
,09/09/2022,1662681600,452852.76184896944,0.0004574569999999999,0.0004574569999999999,452852.76184896944,452852.76184896944,0.00039939899999999993,0.00005805799999999999,0.00039939899999999993,0.00005805799999999999,452852.76184896944,1912845.41401,0.000399,0.000058,0.000399,0.000058,1912845.41401
,10/09/2022,1662768000,452793.8948799615,0.0009029019999999998,0.0009029019999999998,452793.8948799615,452793.8948799615,0.00039939899999999993,0.0005035029999999999,0.00039939899999999993,0.0005035029999999999,452793.8948799615,1930907.278015,0.000399,0.000503,0.000399,0.000503,1930907.278015
,11/09/2022,1662854400,459447.3998166031,0.0009469459999999998,0.0009469459999999998,459447.3998166031,459447.3998166031,0.00039939899999999993,0.0005475469999999999,0.00039939899999999993,0.0005475469999999999,459447.3998166031,1930913.7054529998,0.000399,0.000547,0.000399,0.000547,1930913.7054529998
,12/09/2022,1662940800,424190.0185068919,0.0009462469339999999,0.0009462469339999999,424190.0185068919,424190.0185068919,0.00039939899999999993,0.000546847934,0.00039939899999999993,0.000546847934,424190.0185068919,1930154.336383,0.000399,0.000547,0.000399,0.000547,1930154.336383
,13/09/2022,1663027200,416921.2003511511,0.000764502846,0.000764502846,416921.2003511511,416921.2003511511,0.000398502846,0.000366,0.000398502846,0.000366,416921.2003511511,1929592.211449,0.000399,0.000366,0.000399,0.000366,1929592.211449
,14/09/2022,1663113600,626056.9761388109,0.000764300031,0.000764300031,626056.9761388109,626056.9761388109,0.00039872349299999995,0.000365576538,0.00039872349299999995,0.000365576538,626056.9761388109,1939085.355783,0.000399,0.000366,0.000399,0.000366,1939085.355783
,15/09/2022,1663200000,504749.4074777391,0.0007650000000000001,0.0007650000000000001,504749.4074777391,504749.4074777391,0.000399,0.000366,0.000399,0.000366,504749.4074777391,1939344.857907,0.000399,0.000366,0.000399,0.000366,1939344.857907
,16/09/2022,1663286400,336300.17440034007,0.001525201404,0.001525201404,336300.17440034007,336300.17440034007,0.000398474916,0.001126726488,0.000398474916,0.001126726488,336300.17440034007,1919883.16521,0.000399,0.001128,0.000399,0.001128,1919883.16521
,17/09/2022,1663372800,309270.70489067934,0.000592975556,0.000592975556,309270.70489067934,309270.70489067934,0.000399,0.000193975556,0.000399,0.000193975556,309270.70489067934,1917648.657523,0.000399,0.000194,0.000399,0.000194,1917648.657523
,18/09/2022,1663459200,311029.15327724,0.0005935929999999999,0.0005935929999999999,311029.15327724,311029.15327724,0.00039939899999999993,0.000194194,0.00039939899999999993,0.000194194,311029.15327724,1923792.505194,0.000399,0.000194,0.000399,0.000194,1923792.505194
,19/09/2022,1663545600,288783.6492055377,0.000592796634,0.000592796634,288783.6492055377,288783.6492055377,0.000398941746,0.000193854888,0.000398941746,0.000193854888,288783.6492055377,1921841.886317,0.000399,0.000194,0.000399,0.000194,1921841.886317
,20/09/2022,1663632000,280777.0303802221,0.0005937869999999999,0.0005937869999999999,280777.0303802221,280777.0303802221,0.00039939899999999993,0.000194388,0.00039939899999999993,0.000194388,280777.0303802221,1920893.688036,0.000399,0.000194,0.000399,0.000194,1920893.688036
,21/09/2022,1663718400,248068.71618604969,0.000592567961,0.000592567961,248068.71618604969,248068.71618604969,0.00039874663499999996,0.000193821326,0.00039874663499999996,0.000193821326,248068.71618604969,1924624.6174009999,0.000399,0.000194,0.000399,0.000194,1924624.6174009999
,22/09/2022,1663804800,251102.2710111161,0.0005935929999999999,0.0005935929999999999,251102.2710111161,251102.2710111161,0.00039939899999999993,0.000194194,0.00039939899999999993,0.000194194,251102.2710111161,1932700.6843370001,0.000399,0.000194,0.000399,0.000194,1932700.6843370001
,23/09/2022,1663891200,255983.94382622268,0.10668517999999998,0.10668517999999998,255983.94382622268,255983.94382622268,0.000399,0.10628617999999998,0.000399,0.10628617999999998,255983.94382622268,1932683.607597,0.000399,0.10618,0.000399,0.10618,1932683.607597
,24/09/2022,1663977600,295864.65510080155,0.00047007099999999997,0.00047007099999999997,295864.65510080155,295864.65510080155,0.000399,0.000071071,0.000399,0.000071071,295864.65510080155,1932505.470975,0.000399,0.000071,0.000399,0.000071,1932505.470975
,25/09/2022,1664064000,269014.3825192257,0.00046998246299999997,0.00046998246299999997,269014.3825192257,269014.3825192257,0.000399,0.000070982463,0.000399,0.000070982463,269014.3825192257,1920392.785129,0.000399,0.000071,0.000399,0.000071,1920392.785129
,26/09/2022,1664150400,255758.46191733936,0.026902066999999995,0.026902066999999995,255758.46191733936,255758.46191733936,0.000399798,0.026502268999999995,0.000399798,0.026502268999999995,255758.46191733936,1920454.600809,0.000399,0.026423,0.000399,0.026423,1920454.600809
,27/09/2022,1664236800,291113.8575734246,0.000666258131,0.000666258131,291113.8575734246,291113.8575734246,0.000397990131,0.000268268,0.000397990131,0.000268268,291113.8575734246,1920529.4733699998,0.000399,0.000268,0.000399,0.000268,1920529.4733699998
,28/09/2022,1664323200,242253.5077718287,0.000668334,0.000668334,242253.5077718287,242253.5077718287,0.000399798,0.000268536,0.000399798,0.000268536,242253.5077718287,1919280.529958,0.000399,0.000268,0.000399,0.000268,1919280.529958
,29/09/2022,1664409600,267466.51992035395,0.0006686019999999999,0.0006686019999999999,267466.51992035395,267466.51992035395,0.000399798,0.000268804,0.000399798,0.000268804,267466.51992035395,1920254.7252820001,0.000399,0.000268,0.000399,0.000268,1920254.7252820001
,30/09/2022,1664496000,216478.07381980354,0.008603326999999997,0.008603326999999997,216478.07381980354,216478.07381980354,0.008335326999999998,0.000268,0.008335326999999998,0.000268,216478.07381980354,1904912.565951,0.008327,0.000268,0.008327,0.000268,1904912.565951
,01/10/2022,1664582400,244211.31661656185,0.000554554,0.000554554,244211.31661656185,244211.31661656185,0.00028628599999999996,0.000268268,0.00028628599999999996,0.000268268,244211.31661656185,1905623.0959599998,0.000286,0.000268,0.000286,0.000268,1905623.0959599998
,02/10/2022,1664668800,211133.5409647989,0.000554822,0.000554822,211133.5409647989,211133.5409647989,0.00028628599999999996,0.000268536,0.00028628599999999996,0.000268536,211133.5409647989,1905606.167775,0.000286,0.000268,0.000286,0.000268,1905606.167775
,03/10/2022,1664755200,212672.7858236405,0.0005539846840000001,0.0005539846840000001,212672.7858236405,212672.7858236405,0.000285990848,0.00026799383600000003,0.000285990848,0.00026799383600000003,212672.7858236405,1905755.507179,0.000286,0.000268,0.000286,0.000268,1905755.507179
,04/10/2022,1664841600,242278.22830777417,0.000554286,0.000554286,242278.22830777417,242278.22830777417,0.00028628599999999996,0.000268,0.00028628599999999996,0.000268,242278.22830777417,1906831.7485540002,0.000286,0.000268,0.000286,0.000268,1906831.7485540002
,05/10/2022,1664928000,209662.837134583,0.00060578336,0.00060578336,209662.837134583,209662.837134583,0.000286,0.00031978336,0.000286,0.00031978336,209662.837134583,1895428.623013,0.000286,0.00032,0.000286,0.00032,1895428.623013
,06/10/2022,1665014400,229136.41576232793,0.00060631312,0.00060631312,229136.41576232793,229136.41576232793,0.000286572,0.00031974112,0.000286572,0.00031974112,229136.41576232793,1895412.488728,0.000286,0.00032,0.000286,0.00032,1895412.488728
,07/10/2022,1665100800,197957.10703188504,0.0006062859999999999,0.0006062859999999999,197957.10703188504,197957.10703188504,0.00028628599999999996,0.00032,0.00028628599999999996,0.00032,197957.10703188504,1896122.709858,0.000286,0.00032,0.000286,0.00032,1896122.709858
,08/10/2022,1665187200,189300.54947872274,0.0006058330500000001,0.0006058330500000001,189300.54947872274,189300.54947872274,0.00028596425,0.0003198688,0.00028596425,0.0003198688,189300.54947872274,1895128.03819,0.000286,0.00032,0.000286,0.00032,1895128.03819
,09/10/2022,1665273600,182676.063374237,0.0006062859999999999,0.0006062859999999999,182676.063374237,182676.063374237,0.00028628599999999996,0.00032,0.00028628599999999996,0.00032,182676.063374237,1894881.628279,0.000286,0.00032,0.000286,0.00032,1894881.628279
,10/10/2022,1665360000,192357.1134251228,0.000604632294,0.000604632294,192357.1134251228,192357.1134251228,0.000285504934,0.00031912736,0.000285504934,0.00031912736,192357.1134251228,1895181.318106,0.000286,0.00032,0.000286,0.00032,1895181.318106
,11/10/2022,1665446400,175012.5430543956,0.008789973999999999,0.008789973999999999,175012.5430543956,175012.5430543956,0.000286,0.008503974,0.000286,0.008503974,175012.5430543956,1895223.761743,0.000286,0.008487,0.000286,0.008487,1895223.761743
,12/10/2022,1665532800,179391.4255249297,0.00039691581299999997,0.00039691581299999997,179391.4255249297,179391.4255249297,0.000285951666,0.000110964147,0.000285951666,0.000110964147,179391.4255249297,1895073.266199,0.000286,0.000111,0.000286,0.000111,1895073.266199
,13/10/2022,1665619200,201367.4149542408,0.004959955,0.004959955,201367.4149542408,201367.4149542408,0.00028628599999999996,0.004673669,0.00028628599999999996,0.004673669,201367.4149542408,1895097.875474,0.000286,0.004669,0.000286,0.004669,1895097.875474
,14/10/2022,1665705600,170783.90495029764,0.000594902,0.000594902,170783.90495029764,170783.90495029764,0.00028628599999999996,0.000308616,0.00028628599999999996,0.000308616,170783.90495029764,1895156.297997,0.000286,0.000308,0.000286,0.000308,1895156.297997
,15/10/2022,1665792000,182091.41296924886,0.0005939795399999999,0.0005939795399999999,182091.41296924886,182091.41296924886,0.00028628599999999996,0.00030769354,0.00028628599999999996,0.00030769354,182091.41296924886,1895107.591916,0.000286,0.000308,0.000286,0.000308,1895107.591916
,16/10/2022,1665878400,170652.07719537072,0.000593830292,0.000593830292,170652.07719537072,170652.07719537072,0.000286,0.000307830292,0.000286,0.000307830292,170652.07719537072,1895060.323543,0.000286,0.000308,0.000286,0.000308,1895060.323543
,17/10/2022,1665964800,173686.20979040966,0.0005934941320000001,0.0005934941320000001,173686.20979040966,173686.20979040966,0.00028570542000000003,0.000307788712,0.00028570542000000003,0.000307788712,173686.20979040966,1893078.974914,0.000286,0.000308,0.000286,0.000308,1893078.974914
,18/10/2022,1666051200,168644.41987085334,0.0005945939999999999,0.0005945939999999999,168644.41987085334,168644.41987085334,0.00028628599999999996,0.000308308,0.00028628599999999996,0.000308308,168644.41987085334,1893328.16758,0.000286,0.000308,0.000286,0.000308,1893328.16758
,19/10/2022,1666137600,151500.11946307746,0.056830069846,0.056830069846,151500.11946307746,151500.11946307746,0.000286,0.056544069846,0.000286,0.056544069846,151500.11946307746,1893183.538227,0.000286,0.056562,0.000286,0.056562,1893183.538227
,20/10/2022,1666224000,174320.64983020542,0.004718475,0.004718475,174320.64983020542,174320.64983020542,0.00051456,0.004203915,0.00051456,0.004203915,174320.64983020542,1891828.5491209999,0.000512,0.004183,0.000512,0.004183,1891828.5491209999
,21/10/2022,1666310400,172094.26003544327,0.004695,0.004695,172094.26003544327,172094.26003544327,0.000512,0.004183,0.000512,0.004183,172094.26003544327,1891956.553198,0.000512,0.004183,0.000512,0.004183,1891956.553198
,22/10/2022,1666396800,172595.1069579586,0.00469910364,0.00469910364,172595.1069579586,172595.1069579586,0.00051192064,0.004187183,0.00051192064,0.004187183,172595.1069579586,1890086.150926,0.000512,0.004183,0.000512,0.004183,1890086.150926
,23/10/2022,1666483200,173534.2571607276,0.004695,0.004695,173534.2571607276,173534.2571607276,0.000512,0.004183,0.000512,0.004183,173534.2571607276,1887123.9509849998,0.000512,0.004183,0.000512,0.004183,1887123.9509849998
,24/10/2022,1666569600,168996.7610463748,0.004693339349,0.004693339349,168996.7610463748,168996.7610463748,0.000512,0.004181339349,0.000512,0.004181339349,168996.7610463748,1886335.09372,0.000512,0.004183,0.000512,0.004183,1886335.09372
,25/10/2022,1666656000,154588.906017629,0.004699694999999999,0.004699694999999999,154588.906017629,154588.906017629,0.0005125119999999999,0.004187183,0.0005125119999999999,0.004187183,154588.906017629,1886334.7571460002,0.000512,0.004183,0.000512,0.004183,1886334.7571460002
,26/10/2022,1666742400,151802.37752961926,0.0005295119999999999,0.0005295119999999999,151802.37752961926,151802.37752961926,0.0005125119999999999,0.000017,0.0005125119999999999,0.000017,151802.37752961926,1885228.602489,0.000512,0.000017,0.000512,0.000017,1885228.602489
,27/10/2022,1666828800,149972.48615035412,0.000529,0.000529,149972.48615035412,149972.48615035412,0.000512,0.000017,0.000512,0.000017,149972.48615035412,1885379.170914,0.000512,0.000017,0.000512,0.000017,1885379.170914
,28/10/2022,1666915200,144614.48138435502,0.0005295289999999999,0.0005295289999999999,144614.48138435502,144614.48138435502,0.0005125119999999999,0.000017016999999999996,0.0005125119999999999,0.000017016999999999996,144614.48138435502,1880430.159084,0.000512,0.000017,0.000512,0.000017,1880430.159084
,29/10/2022,1667001600,141481.19039659703,0.000982444066,0.000982444066,141481.19039659703,141481.19039659703,0.00051187456,0.00047056950600000004,0.00051187456,0.00047056950600000004,141481.19039659703,1880398.5964459998,0.000512,0.000471,0.000512,0.000471,1880398.5964459998
,30/10/2022,1667088000,138467.58459559502,0.000983,0.000983,138467.58459559502,138467.58459559502,0.000512,0.000471,0.000512,0.000471,138467.58459559502,1880407.737898,0.000512,0.000471,0.000512,0.000471,1880407.737898
,31/10/2022,1667174400,138037.31736582695,0.00098292935,0.00098292935,138037.31736582695,138037.31736582695,0.000512,0.00047092935000000004,0.000512,0.00047092935000000004,138037.31736582695,1880412.453218,0.000512,0.000471,0.000512,0.000471,1880412.453218
,01/11/2022,1667260800,137321.21081396219,0.000982650989,0.000982650989,137321.21081396219,137321.21081396219,0.000512,0.00047065098900000003,0.000512,0.00047065098900000003,137321.21081396219,1879439.0038180002,0.000512,0.000471,0.000512,0.000471,1879439.0038180002
,02/11/2022,1667347200,110150.4191775452,0.00098283872,0.00098283872,110150.4191775452,110150.4191775452,0.00051183872,0.000471,0.00051183872,0.000471,110150.4191775452,1877041.37787,0.000512,0.000471,0.000512,0.000471,1877041.37787
,03/11/2022,1667433600,105316.19693888922,0.000982566336,0.000982566336,105316.19693888922,105316.19693888922,0.0005115663359999999,0.000471,0.0005115663359999999,0.000471,105316.19693888922,1874620.807029,0.000512,0.000471,0.000512,0.000471,1874620.807029
,04/11/2022,1667520000,103571.32241158534,0.000982875072,0.000982875072,103571.32241158534,103571.32241158534,0.000511875072,0.000471,0.000511875072,0.000471,103571.32241158534,1862860.577927,0.000512,0.000471,0.000512,0.000471,1862860.577927
,05/11/2022,1667606400,100819.4846816424,0.000976445744,0.000976445744,100819.4846816424,100819.4846816424,0.000509537792,0.000466907952,0.000509537792,0.000466907952,100819.4846816424,1862818.9032490002,0.000512,0.000471,0.000512,0.000471,1862818.9032490002
,06/11/2022,1667692800,103006.44494016307,0.000982312327,0.000982312327,103006.44494016307,103006.44494016307,0.000511364608,0.00047094771900000004,0.000511364608,0.00047094771900000004,103006.44494016307,1862819.099757,0.000512,0.000471,0.000512,0.000471,1862819.099757
,07/11/2022,1667779200,592486.0692169849,0.000983942,0.000983942,592486.0692169849,592486.0692169849,0.000512,0.000471942,0.000512,0.000471942,592486.0692169849,1861875.6496040002,0.000512,0.000471,0.000512,0.000471,1861875.6496040002
,08/11/2022,1667865600,391916.97533008223,0.000983983,0.000983983,391916.97533008223,391916.97533008223,0.0005125119999999999,0.00047147099999999995,0.0005125119999999999,0.00047147099999999995,391916.97533008223,1826658.907921,0.000512,0.000471,0.000512,0.000471,1826658.907921
,09/11/2022,1667952000,216575.83667496906,0.000982489024,0.000982489024,216575.83667496906,216575.83667496906,0.000511489024,0.000471,0.000511489024,0.000471,216575.83667496906,1826919.590331,0.000512,0.000471,0.000512,0.000471,1826919.590331
,10/11/2022,1668038400,197032.81134577308,0.000985134328,0.000985134328,197032.81134577308,197032.81134577308,0.000511779328,0.00047335499999999996,0.000511779328,0.00047335499999999996,197032.81134577308,1826678.144198,0.000512,0.000471,0.000512,0.000471,1826678.144198
,11/11/2022,1668124800,206102.72063533516,0.0013913642479999998,0.0013913642479999998,206102.72063533516,206102.72063533516,0.000511989248,0.000879375,0.000511989248,0.000879375,206102.72063533516,1826504.082199,0.000512,0.000875,0.000512,0.000875,1826504.082199
,12/11/2022,1668211200,173800.94480828178,0.001392036,0.001392036,173800.94480828178,173800.94480828178,0.0005135359999999999,0.0008785,0.0005135359999999999,0.0008785,173800.94480828178,1826676.3164849998,0.000512,0.000875,0.000512,0.000875,1826676.3164849998
,13/11/2022,1668297600,181287.5265333984,0.0013876346249999999,0.0013876346249999999,181287.5265333984,181287.5265333984,0.0005130239999999999,0.0008746106249999999,0.0005130239999999999,0.0008746106249999999,181287.5265333984,1826813.855048,0.000512,0.000875,0.000512,0.000875,1826813.855048
,14/11/2022,1668384000,145412.43437066805,0.0013855715639999999,0.0013855715639999999,145412.43437066805,145412.43437066805,0.000511576064,0.0008739955,0.000511576064,0.0008739955,145412.43437066805,1826972.991892,0.000512,0.000875,0.000512,0.000875,1826972.991892
,15/11/2022,1668470400,146183.64864768178,0.0013880239999999999,0.0013880239999999999,146183.64864768178,146183.64864768178,0.0005130239999999999,0.000875,0.0005130239999999999,0.000875,146183.64864768178,1817933.2518489999,0.000512,0.000875,0.000512,0.000875,1817933.2518489999
,16/11/2022,1668556800,233070.53516284522,0.000199132,0.000199132,233070.53516284522,233070.53516284522,0.000067,0.000132132,0.000067,0.000132132,233070.53516284522,1818022.895186,0.000067,0.000132,0.000067,0.000132,1818022.895186
,17/11/2022,1668643200,221011.62718267183,0.00019898586300000001,0.00019898586300000001,221011.62718267183,221011.62718267183,0.000066985863,0.000132,0.000066985863,0.000132,221011.62718267183,1817425.207288,0.000067,0.000132,0.000067,0.000132,1817425.207288
,18/11/2022,1668729600,250644.74518750267,0.00019877595300000003,0.00019877595300000003,250644.74518750267,250644.74518750267,0.00006692194500000001,0.000131854008,0.00006692194500000001,0.000131854008,250644.74518750267,1817425.207288,0.000067,0.000132,0.000067,0.000132,1817425.207288
,19/11/2022,1668816000,218449.16113037334,0.00019933100000000002,0.00019933100000000002,218449.16113037334,218449.16113037334,0.000067067,0.00013226400000000002,0.000067067,0.00013226400000000002,218449.16113037334,1817426.068291,0.000067,0.000132,0.000067,0.000132,1817426.068291
,20/11/2022,1668902400,202200.7937962988,0.000199132,0.000199132,202200.7937962988,202200.7937962988,0.000067,0.000132132,0.000067,0.000132132,202200.7937962988,1817437.20605,0.000067,0.000132,0.000067,0.000132,1817437.20605
,21/11/2022,1668988800,197493.93367635037,0.000199059171,0.000199059171,197493.93367635037,197493.93367635037,0.000066927171,0.000132132,0.000066927171,0.000132132,197493.93367635037,1817439.987451,0.000067,0.000132,0.000067,0.000132,1817439.987451
,22/11/2022,1669075200,193612.01153722365,0.000199199,0.000199199,193612.01153722365,193612.01153722365,0.000067067,0.000132132,0.000067067,0.000132132,193612.01153722365,1817441.204705,0.000067,0.000132,0.000067,0.000132,1817441.204705
,23/11/2022,1669161600,205055.9363364398,0.00019933100000000002,0.00019933100000000002,205055.9363364398,205055.9363364398,0.000067067,0.00013226400000000002,0.000067067,0.00013226400000000002,205055.9363364398,1817452.859593,0.000067,0.000132,0.000067,0.000132,1817452.859593
,24/11/2022,1669248000,172647.37096012832,0.00019926400000000002,0.00019926400000000002,172647.37096012832,172647.37096012832,0.000067,0.00013226400000000002,0.000067,0.00013226400000000002,172647.37096012832,1817455.533614,0.000067,0.000132,0.000067,0.000132,1817455.533614
,25/11/2022,1669334400,178177.9195996755,0.000199199,0.000199199,178177.9195996755,178177.9195996755,0.000067067,0.000132132,0.000067067,0.000132132,178177.9195996755,1817455.854419,0.000067,0.000132,0.000067,0.000132,1817455.854419
,26/11/2022,1669420800,185153.4238275881,0.000198956833,0.000198956833,185153.4238275881,185153.4238275881,0.000066968845,0.000131987988,0.000066968845,0.000131987988,185153.4238275881,1817456.921007,0.000067,0.000132,0.000067,0.000132,1817456.921007
,27/11/2022,1669507200,184450.0679991584,0.000199132,0.000199132,184450.0679991584,184450.0679991584,0.000067,0.000132132,0.000067,0.000132132,184450.0679991584,1817456.921007,0.000067,0.000132,0.000067,0.000132,1817456.921007
,28/11/2022,1669593600,185006.20981698655,0.000199132,0.000199132,185006.20981698655,185006.20981698655,0.000067,0.000132132,0.000067,0.000132132,185006.20981698655,1817456.921007,0.000067,0.000132,0.000067,0.000132,1817456.921007
,29/11/2022,1669680000,178412.47610757317,0.000199199,0.000199199,178412.47610757317,178412.47610757317,0.000067067,0.000132132,0.000067067,0.000132132,178412.47610757317,1817456.921007,0.000067,0.000132,0.000067,0.000132,1817456.921007
,30/11/2022,1669766400,179121.28430676588,0.000199926,0.000199926,179121.28430676588,179121.28430676588,0.000067134,0.000132792,0.000067134,0.000132792,179121.28430676588,1817456.921007,0.000067,0.000132,0.000067,0.000132,1817456.921007
,01/12/2022,1669852800,178930.45133006014,0.00019959699999999998,0.00019959699999999998,178930.45133006014,178930.45133006014,0.000067201,0.00013239599999999998,0.000067201,0.00013239599999999998,178930.45133006014,1817456.921007,0.000067,0.000132,0.000067,0.000132,1817456.921007
,02/12/2022,1669939200,196910.5526495824,0.00019952999999999998,0.00019952999999999998,196910.5526495824,196910.5526495824,0.000067134,0.00013239599999999998,0.000067134,0.00013239599999999998,196910.5526495824,1817456.921007,0.000067,0.000132,0.000067,0.000132,1817456.921007
,03/12/2022,1670025600,162420.67265963258,0.00019901948000000002,0.00019901948000000002,162420.67265963258,162420.67265963258,0.000067067,0.00013195248000000002,0.000067067,0.00013195248000000002,162420.67265963258,1817456.921007,0.000067,0.000132,0.000067,0.000132,1817456.921007
,04/12/2022,1670112000,161377.45238697453,0.00019898746000000003,0.00019898746000000003,161377.45238697453,161377.45238697453,0.000067,0.00013198746000000003,0.000067,0.00013198746000000003,161377.45238697453,1817456.921007,0.000067,0.000132,0.000067,0.000132,1817456.921007
,05/12/2022,1670198400,170284.80875682985,0.00019939800000000002,0.00019939800000000002,170284.80875682985,170284.80875682985,0.000067134,0.00013226400000000002,0.000067134,0.00013226400000000002,170284.80875682985,1817456.921007,0.000067,0.000132,0.000067,0.000132,1817456.921007
,06/12/2022,1670284800,161253.86531634605,0.000199199,0.000199199,161253.86531634605,161253.86531634605,0.000067067,0.000132132,0.000067067,0.000132132,161253.86531634605,1817456.921007,0.000067,0.000132,0.000067,0.000132,1817456.921007
,07/12/2022,1670371200,161278.98611878653,0.000198972752,0.000198972752,161278.98611878653,161278.98611878653,0.000067067,0.000131905752,0.000067067,0.000131905752,161278.98611878653,1815530.108392,0.000067,0.000132,0.000067,0.000132,1815530.108392
,08/12/2022,1670457600,161891.8674988747,0.000199199,0.000199199,161891.8674988747,161891.8674988747,0.000067067,0.000132132,0.000067067,0.000132132,161891.8674988747,1815704.7564980001,0.000067,0.000132,0.000067,0.000132,1815704.7564980001
,09/12/2022,1670544000,197518.14485011247,0.000198906676,0.000198906676,197518.14485011247,197518.14485011247,0.000067,0.000131906676,0.000067,0.000131906676,197518.14485011247,1815707.829809,0.000067,0.000132,0.000067,0.000132,1815707.829809
,10/12/2022,1670630400,192459.7939621965,0.00019894752100000002,0.00019894752100000002,192459.7939621965,192459.7939621965,0.000066999397,0.00013194812400000002,0.000066999397,0.00013194812400000002,192459.7939621965,1815367.2897949999,0.000067,0.000132,0.000067,0.000132,1815367.2897949999
,11/12/2022,1670716800,201290.27648778597,0.000199017896,0.000199017896,201290.27648778597,201290.27648778597,0.000067067,0.000131950896,0.000067067,0.000131950896,201290.27648778597,1815372.124059,0.000067,0.000132,0.000067,0.000132,1815372.124059
,12/12/2022,1670803200,200985.49742811348,0.000199067,0.000199067,200985.49742811348,200985.49742811348,0.000067067,0.000132,0.000067067,0.000132,200985.49742811348,1815373.961758,0.000067,0.000132,0.000067,0.000132,1815373.961758
,13/12/2022,1670889600,197117.42250422738,0.000198994439,0.000198994439,197117.42250422738,197117.42250422738,0.000066994439,0.000132,0.000066994439,0.000132,197117.42250422738,1814643.1103440002,0.000067,0.000132,0.000067,0.000132,1814643.1103440002
,14/12/2022,1670976000,197134.03149176916,0.000198952003,0.000198952003,197134.03149176916,197134.03149176916,0.000066998995,0.000131953008,0.000066998995,0.000131953008,197134.03149176916,1806100.206981,0.000067,0.000132,0.000067,0.000132,1806100.206981
,15/12/2022,1671062400,201067.8767728593,0.000198970469,0.000198970469,201067.8767728593,201067.8767728593,0.000066980369,0.0001319901,0.000066980369,0.0001319901,201067.8767728593,1806101.6354780002,0.000067,0.000132,0.000067,0.000132,1806101.6354780002
,16/12/2022,1671148800,196600.41265574622,0.000199128382,0.000199128382,196600.41265574622,196600.41265574622,0.000066996382,0.000132132,0.000066996382,0.000132132,196600.41265574622,1805462.409137,0.000067,0.000132,0.000067,0.000132,1805462.409137
,17/12/2022,1671235200,198514.93171385024,0.000199199,0.000199199,198514.93171385024,198514.93171385024,0.000067067,0.000132132,0.000067067,0.000132132,198514.93171385024,1805419.778217,0.000067,0.000132,0.000067,0.000132,1805419.778217
,18/12/2022,1671321600,199941.711157252,0.000199067,0.000199067,199941.711157252,199941.711157252,0.000067067,0.000132,0.000067067,0.000132,199941.711157252,1805407.9710080002,0.000067,0.000132,0.000067,0.000132,1805407.9710080002
,19/12/2022,1671408000,263290.362825833,0.00019899854800000001,0.00019899854800000001,263290.362825833,263290.362825833,0.000067,0.000131998548,0.000067,0.000131998548,263290.362825833,1805448.517982,0.000067,0.000132,0.000067,0.000132,1805448.517982
,20/12/2022,1671494400,192031.63081463813,0.000199067,0.000199067,192031.63081463813,192031.63081463813,0.000067067,0.000132,0.000067067,0.000132,192031.63081463813,1805555.2184610001,0.000067,0.000132,0.000067,0.000132,1805555.2184610001
,21/12/2022,1671580800,181473.14357296965,0.000199023648,0.000199023648,181473.14357296965,181473.14357296965,0.000067134,0.000131889648,0.000067134,0.000131889648,181473.14357296965,1805559.195019,0.000067,0.000132,0.000067,0.000132,1805559.195019
,22/12/2022,1671667200,178602.32999579216,0.00019933100000000002,0.00019933100000000002,178602.32999579216,178602.32999579216,0.000067067,0.00013226400000000002,0.000067067,0.00013226400000000002,178602.32999579216,1805559.453242,0.000067,0.000132,0.000067,0.000132,1805559.453242
,23/12/2022,1671753600,178195.18241993253,0.000199199,0.000199199,178195.18241993253,178195.18241993253,0.000067067,0.000132132,0.000067067,0.000132132,178195.18241993253,1806062.762073,0.000067,0.000132,0.000067,0.000132,1806062.762073
,24/12/2022,1671840000,187723.98605399104,0.000199067,0.000199067,187723.98605399104,187723.98605399104,0.000067067,0.000132,0.000067067,0.000132,187723.98605399104,1806062.92083,0.000067,0.000132,0.000067,0.000132,1806062.92083
,25/12/2022,1671926400,198217.2185675201,0.000199199,0.000199199,198217.2185675201,198217.2185675201,0.000067067,0.000132132,0.000067067,0.000132132,198217.2185675201,1806062.984096,0.000067,0.000132,0.000067,0.000132,1806062.984096
,26/12/2022,1672012800,195882.3837333295,0.00019933100000000002,0.00019933100000000002,195882.3837333295,195882.3837333295,0.000067067,0.00013226400000000002,0.000067067,0.00013226400000000002,195882.3837333295,1806100.01967,0.000067,0.000132,0.000067,0.000132,1806100.01967
,27/12/2022,1672099200,178302.63097917748,0.000199199,0.000199199,178302.63097917748,178302.63097917748,0.000067067,0.000132132,0.000067067,0.000132132,178302.63097917748,1806108.374822,0.000067,0.000132,0.000067,0.000132,1806108.374822
,28/12/2022,1672185600,178057.07587871503,0.00019888103200000002,0.00019888103200000002,178057.07587871503,178057.07587871503,0.000066971056,0.00013190997600000002,0.000066971056,0.00013190997600000002,178057.07587871503,1804864.231341,0.000067,0.000132,0.000067,0.000132,1804864.231341
,29/12/2022,1672272000,179172.5223739675,0.000199,0.000199,179172.5223739675,179172.5223739675,0.000067,0.000132,0.000067,0.000132,179172.5223739675,1798433.3802480001,0.000067,0.000132,0.000067,0.000132,1798433.3802480001
,30/12/2022,1672358400,176533.51602210078,0.000199067,0.000199067,176533.51602210078,176533.51602210078,0.000067067,0.000132,0.000067067,0.000132,176533.51602210078,1793729.9046109999,0.000067,0.000132,0.000067,0.000132,1793729.9046109999
,31/12/2022,1672444800,176629.3858178916,0.000199,0.000199,176629.3858178916,176629.3858178916,0.000067,0.000132,0.000067,0.000132,176629.3858178916,1800136.42293,0.000067,0.000132,0.000067,0.000132,1800136.42293
,01/01/2023,1672531200,172691.48962112216,0.000199199,0.000199199,172691.48962112216,172691.48962112216,0.000067067,0.000132132,0.000067067,0.000132132,172691.48962112216,1800032.204352,0.000067,0.000132,0.000067,0.000132,1800032.204352
,02/01/2023,1672617600,171766.17740349757,0.000198987064,0.000198987064,171766.17740349757,171766.17740349757,0.000067,0.000131987064,0.000067,0.000131987064,171766.17740349757,1800106.659018,0.000067,0.000132,0.000067,0.000132,1800106.659018
,03/01/2023,1672704000,172838.45838704047,0.000199,0.000199,172838.45838704047,172838.45838704047,0.000067,0.000132,0.000067,0.000132,172838.45838704047,1800156.83696,0.000067,0.000132,0.000067,0.000132,1800156.83696
,04/01/2023,1672790400,178777.4973294706,0.000199,0.000199,178777.4973294706,178777.4973294706,0.000067,0.000132,0.000067,0.000132,178777.4973294706,1800214.45518,0.000067,0.000132,0.000067,0.000132,1800214.45518
,05/01/2023,1672876800,177370.74654453734,0.000199199,0.000199199,177370.74654453734,177370.74654453734,0.000067067,0.000132132,0.000067067,0.000132132,177370.74654453734,1800188.234373,0.000067,0.000132,0.000067,0.000132,1800188.234373
,06/01/2023,1672963200,177979.5197987339,0.000199132,0.000199132,177979.5197987339,177979.5197987339,0.000067,0.000132132,0.000067,0.000132132,177979.5197987339,1800191.3661659998,0.000067,0.000132,0.000067,0.000132,1800191.3661659998
,07/01/2023,1673049600,212630.91497773942,0.000199,0.000199,212630.91497773942,212630.91497773942,0.000067,0.000132,0.000067,0.000132,212630.91497773942,1801468.372795,0.000067,0.000132,0.000067,0.000132,1801468.372795
,08/01/2023,1673136000,211823.86420176728,0.000199199,0.000199199,211823.86420176728,211823.86420176728,0.000067067,0.000132132,0.000067067,0.000132132,211823.86420176728,1801468.432795,0.000067,0.000132,0.000067,0.000132,1801468.432795
,09/01/2023,1673222400,197352.7082731558,0.000198957187,0.000198957187,197352.7082731558,197352.7082731558,0.000066957187,0.000132,0.000066957187,0.000132,197352.7082731558,1801468.797849,0.000067,0.000132,0.000067,0.000132,1801468.797849
,10/01/2023,1673308800,199321.75684050197,0.000199132,0.000199132,199321.75684050197,199321.75684050197,0.000067,0.000132132,0.000067,0.000132132,199321.75684050197,1801469.188031,0.000067,0.000132,0.000067,0.000132,1801469.188031
,11/01/2023,1673395200,198311.64612891967,0.00019881311000000002,0.00019881311000000002,198311.64612891967,198311.64612891967,0.000066966098,0.00013184701200000002,0.000066966098,0.00013184701200000002,198311.64612891967,1801424.759996,0.000067,0.000132,0.000067,0.000132,1801424.759996
,12/01/2023,1673481600,198810.693742796,0.00020019000000000002,0.00020019000000000002,198810.693742796,198810.693742796,0.000067134,0.00013305600000000002,0.000067134,0.00013305600000000002,198810.693742796,1801719.096858,0.000067,0.000132,0.000067,0.000132,1801719.096858
,13/01/2023,1673568000,197722.52949839353,0.000199129253,0.000199129253,197722.52949839353,197722.52949839353,0.000066997253,0.000132132,0.000066997253,0.000132132,197722.52949839353,1801719.7719939998,0.000067,0.000132,0.000067,0.000132,1801719.7719939998
,14/01/2023,1673654400,198275.8159375157,0.00019946500000000002,0.00019946500000000002,198275.8159375157,198275.8159375157,0.000067201,0.00013226400000000002,0.000067201,0.00013226400000000002,198275.8159375157,1801721.2119939998,0.000067,0.000132,0.000067,0.000132,1801721.2119939998
,15/01/2023,1673740800,195517.95040073656,0.00019933100000000002,0.00019933100000000002,195517.95040073656,195517.95040073656,0.000067067,0.00013226400000000002,0.000067067,0.00013226400000000002,195517.95040073656,1800415.76486,0.000067,0.000132,0.000067,0.000132,1800415.76486
,16/01/2023,1673827200,197399.51606825626,0.000199729,0.000199729,197399.51606825626,197399.51606825626,0.000067201,0.000132528,0.000067201,0.000132528,197399.51606825626,1800416.961431,0.000067,0.000132,0.000067,0.000132,1800416.961431
,17/01/2023,1673913600,196567.866144068,0.03748688342,0.03748688342,196567.866144068,196567.866144068,0.00006688342,0.03742,0.00006688342,0.03742,196567.866144068,1800451.250209,0.000067,0.03742,0.000067,0.03742,1800451.250209
,18/01/2023,1674000000,192686.1500702401,0.000676733193,0.000676733193,192686.1500702401,192686.1500702401,0.000066991223,0.00060974197,0.000066991223,0.00060974197,192686.1500702401,1800451.781148,0.000067,0.00061,0.000067,0.00061,1800451.781148
,19/01/2023,1674086400,192932.1079775032,0.000676879815,0.000676879815,192932.1079775032,192932.1079775032,0.000066989615,0.0006098902,0.000066989615,0.0006098902,192932.1079775032,1800814.926612,0.000067,0.00061,0.000067,0.00061,1800814.926612
,20/01/2023,1674172800,192962.7437490803,0.0006768840999999999,0.0006768840999999999,192962.7437490803,192962.7437490803,0.000067,0.0006098840999999999,0.000067,0.0006098840999999999,192962.7437490803,1800815.1311589999,0.000067,0.00061,0.000067,0.00061,1800815.1311589999
,21/01/2023,1674259200,193638.18831406423,0.000676336998,0.000676336998,193638.18831406423,193638.18831406423,0.000066970788,0.00060936621,0.000066970788,0.00060936621,193638.18831406423,1800816.42283,0.000067,0.00061,0.000067,0.00061,1800816.42283
,22/01/2023,1674345600,193996.88544539743,0.0006783539999999999,0.0006783539999999999,193996.88544539743,193996.88544539743,0.000067134,0.00061122,0.000067134,0.00061122,193996.88544539743,1800819.529416,0.000067,0.00061,0.000067,0.00061,1800819.529416
,23/01/2023,1674432000,188621.45156254136,0.0006776769999999999,0.0006776769999999999,188621.45156254136,188621.45156254136,0.000067067,0.0006106099999999999,0.000067067,0.0006106099999999999,188621.45156254136,1800819.647921,0.000067,0.00061,0.000067,0.00061,1800819.647921
,24/01/2023,1674518400,192181.14673929833,0.000676998928,0.000676998928,192181.14673929833,192181.14673929833,0.000066998928,0.00061,0.000066998928,0.00061,192181.14673929833,1800814.725956,0.000067,0.00061,0.000067,0.00061,1800814.725956
,25/01/2023,1674604800,192414.35066304784,0.0006764571,0.0006764571,192414.35066304784,192414.35066304784,0.000067,0.0006094571,0.000067,0.0006094571,192414.35066304784,1800839.992354,0.000067,0.00061,0.000067,0.00061,1800839.992354
,26/01/2023,1674691200,192102.8117448106,0.000674747589,0.000674747589,192102.8117448106,192102.8117448106,0.00006693748900000001,0.0006078101,0.00006693748900000001,0.0006078101,192102.8117448106,1800840.052354,0.000067,0.00061,0.000067,0.00061,1800840.052354
,27/01/2023,1674777600,191936.99202030167,0.000677067,0.000677067,191936.99202030167,191936.99202030167,0.000067067,0.00061,0.000067067,0.00061,191936.99202030167,1800855.612354,0.000067,0.00061,0.000067,0.00061,1800855.612354
,28/01/2023,1674864000,192407.01533512608,0.000677,0.000677,192407.01533512608,192407.01533512608,0.000067,0.00061,0.000067,0.00061,192407.01533512608,1800855.612354,0.000067,0.00061,0.000067,0.00061,1800855.612354
,29/01/2023,1674950400,152681.9413822092,0.0006777439999999999,0.0006777439999999999,152681.9413822092,152681.9413822092,0.000067134,0.0006106099999999999,0.000067134,0.0006106099999999999,152681.9413822092,1800855.612354,0.000067,0.00061,0.000067,0.00061,1800855.612354
,30/01/2023,1675036800,156117.97389058064,0.000676763551,0.000676763551,156117.97389058064,156117.97389058064,0.000066939231,0.00060982432,0.000066939231,0.00060982432,156117.97389058064,1800855.612354,0.000067,0.00061,0.000067,0.00061,1800855.612354
,31/01/2023,1675123200,190271.20057887424,0.0006775967339999999,0.0006775967339999999,190271.20057887424,190271.20057887424,0.000066986734,0.0006106099999999999,0.000066986734,0.0006106099999999999,190271.20057887424,1800855.612354,0.000067,0.00061,0.000067,0.00061,1800855.612354
,01/02/2023,1675209600,190723.2153375751,0.0006776769999999999,0.0006776769999999999,190723.2153375751,190723.2153375751,0.000067067,0.0006106099999999999,0.000067067,0.0006106099999999999,190723.2153375751,1800855.612354,0.000067,0.00061,0.000067,0.00061,1800855.612354
,02/02/2023,1675296000,189736.88980705146,0.00067640383,0.00067640383,189736.88980705146,189736.88980705146,0.000067134,0.00060926983,0.000067134,0.00060926983,189736.88980705146,1800912.04874,0.000067,0.00061,0.000067,0.00061,1800912.04874
,03/02/2023,1675382400,160494.98563954057,0.0006777439999999999,0.0006777439999999999,160494.98563954057,160494.98563954057,0.000067134,0.0006106099999999999,0.000067134,0.0006106099999999999,160494.98563954057,1799412.348946,0.000067,0.00061,0.000067,0.00061,1799412.348946
,04/02/2023,1675468800,190378.11957581123,0.000122055,0.000122055,190378.11957581123,190378.11957581123,0.000067,0.000055054999999999994,0.000067,0.000055054999999999994,190378.11957581123,1799415.118864,0.000067,0.000055,0.000067,0.000055,1799415.118864
,05/02/2023,1675555200,190004.6213202553,0.000121940199,0.000121940199,190004.6213202553,190004.6213202553,0.000066964289,0.00005497591,0.000066964289,0.00005497591,190004.6213202553,1799456.589831,0.000067,0.000055,0.000067,0.000055,1799456.589831
,06/02/2023,1675641600,190479.4735028422,0.000122066175,0.000122066175,190479.4735028422,190479.4735028422,0.000067067,0.000054999175000000005,0.000067067,0.000054999175000000005,190479.4735028422,1798639.057835,0.000067,0.000055,0.000067,0.000055,1798639.057835
,07/02/2023,1675728000,190752.71880263695,0.000122122,0.000122122,190752.71880263695,190752.71880263695,0.000067067,0.000055054999999999994,0.000067067,0.000055054999999999994,190752.71880263695,1799859.587502,0.000067,0.000055,0.000067,0.000055,1799859.587502
,08/02/2023,1675814400,181868.6285700106,0.000121858047,0.000121858047,181868.6285700106,181868.6285700106,0.000066940437,0.000054917610000000005,0.000066940437,0.000054917610000000005,181868.6285700106,1799859.752687,0.000067,0.000055,0.000067,0.000055,1799859.752687
,09/02/2023,1675900800,179735.8480118539,0.00012200000000000001,0.00012200000000000001,179735.8480118539,179735.8480118539,0.000067,0.000055,0.000067,0.000055,179735.8480118539,1801429.711266,0.000067,0.000055,0.000067,0.000055,1801429.711266
,10/02/2023,1675987200,174265.65318061074,0.00012200000000000001,0.00012200000000000001,174265.65318061074,174265.65318061074,0.000067,0.000055,0.000067,0.000055,174265.65318061074,1801511.926443,0.000067,0.000055,0.000067,0.000055,1801511.926443
,11/02/2023,1676073600,174694.4711748432,0.000122134,0.000122134,174694.4711748432,174694.4711748432,0.000067134,0.000055,0.000067134,0.000055,174694.4711748432,1801512.5261660002,0.000067,0.000055,0.000067,0.000055,1801512.5261660002
,12/02/2023,1676160000,174413.32473916226,0.00012200000000000001,0.00012200000000000001,174413.32473916226,174413.32473916226,0.000067,0.000055,0.000067,0.000055,174413.32473916226,1801511.385004,0.000067,0.000055,0.000067,0.000055,1801511.385004
,13/02/2023,1676246400,173514.75893054783,0.00012164196600000001,0.00012164196600000001,173514.75893054783,173514.75893054783,0.00006689199600000001,0.00005474997,0.00006689199600000001,0.00005474997,173514.75893054783,1801515.417278,0.000067,0.000055,0.000067,0.000055,1801515.417278
,14/02/2023,1676332800,174395.44656440677,0.00012199428,0.00012199428,174395.44656440677,174395.44656440677,0.000067,0.00005499428,0.000067,0.00005499428,174395.44656440677,1801512.799591,0.000067,0.000055,0.000067,0.000055,1801512.799591
,15/02/2023,1676419200,174339.60458886766,0.00012206700000000001,0.00012206700000000001,174339.60458886766,174339.60458886766,0.000067067,0.000055,0.000067067,0.000055,174339.60458886766,1801512.850444,0.000067,0.000055,0.000067,0.000055,1801512.850444
,16/02/2023,1676505600,196181.215729759,0.000122108191,0.000122108191,196181.215729759,196181.215729759,0.00006699819100000001,0.00005511,0.00006699819100000001,0.00005511,196181.215729759,1801513.4872060001,0.000067,0.000055,0.000067,0.000055,1801513.4872060001
,17/02/2023,1676592000,170128.18614799462,0.000121898384,0.000121898384,170128.18614799462,170128.18614799462,0.000066966969,0.000054931415,0.000066966969,0.000054931415,170128.18614799462,1801480.1896270001,0.000067,0.000055,0.000067,0.000055,1801480.1896270001
,18/02/2023,1676678400,168658.2151254294,0.000121988409,0.000121988409,168658.2151254294,168658.2151254294,0.00006698840900000001,0.000055,0.00006698840900000001,0.000055,168658.2151254294,1801480.582827,0.000067,0.000055,0.000067,0.000055,1801480.582827
,19/02/2023,1676764800,173358.27796602502,0.000121959625,0.000121959625,173358.27796602502,173358.27796602502,0.000066984925,0.0000549747,0.000066984925,0.0000549747,173358.27796602502,1801480.582827,0.000067,0.000055,0.000067,0.000055,1801480.582827
,20/02/2023,1676851200,172240.09298850514,0.00012189499099999999,0.00012189499099999999,172240.09298850514,172240.09298850514,0.000066908411,0.00005498658,0.000066908411,0.00005498658,172240.09298850514,1801806.544292,0.000067,0.000055,0.000067,0.000055,1801806.544292
,21/02/2023,1676937600,166323.02509122968,0.000121886678,0.000121886678,166323.02509122968,166323.02509122968,0.000066966098,0.00005492058,0.000066966098,0.00005492058,166323.02509122968,1801807.246219,0.000067,0.000055,0.000067,0.000055,1801807.246219
,22/02/2023,1677024000,167211.31606361564,0.000122128005,0.000122128005,167211.31606361564,167211.31606361564,0.000067134,0.000054994005,0.000067134,0.000054994005,167211.31606361564,1801807.246219,0.000067,0.000055,0.000067,0.000055,1801807.246219
,23/02/2023,1677110400,161906.82302485904,0.00012193911200000001,0.00012193911200000001,161906.82302485904,161906.82302485904,0.000066951157,0.000054987955000000006,0.000066951157,0.000054987955000000006,161906.82302485904,1803272.517958,0.000067,0.000055,0.000067,0.000055,1803272.517958
,24/02/2023,1677196800,174043.9150273362,0.000121928292,0.000121928292,174043.9150273362,174043.9150273362,0.000066981642,0.000054946650000000004,0.000066981642,0.000054946650000000004,174043.9150273362,1803283.5831459998,0.000067,0.000055,0.000067,0.000055,1803283.5831459998
,25/02/2023,1677283200,170262.429353479,0.00012194397399999999,0.00012194397399999999,170262.429353479,170262.429353479,0.000066974004,0.00005496997,0.000066974004,0.00005496997,170262.429353479,1803283.5831459998,0.000067,0.000055,0.000067,0.000055,1803283.5831459998
,26/02/2023,1677369600,165876.84367926794,0.000121961162,0.000121961162,165876.84367926794,165876.84367926794,0.000066965562,0.000054995600000000006,0.000066965562,0.000054995600000000006,165876.84367926794,1803283.5831459998,0.000067,0.000055,0.000067,0.000055,1803283.5831459998
,27/02/2023,1677456000,169672.75562179025,0.000122122,0.000122122,169672.75562179025,169672.75562179025,0.000067067,0.000055054999999999994,0.000067067,0.000055054999999999994,169672.75562179025,1803283.5831459998,0.000067,0.000055,0.000067,0.000055,1803283.5831459998
,28/02/2023,1677542400,168032.8143823323,0.000122055,0.000122055,168032.8143823323,168032.8143823323,0.000067,0.000055054999999999994,0.000067,0.000055054999999999994,168032.8143823323,1803275.465029,0.000067,0.000055,0.000067,0.000055,1803275.465029
,01/03/2023,1677628800,172573.4620032753,0.000122409,0.000122409,172573.4620032753,172573.4620032753,0.000067134,0.000055274999999999995,0.000067134,0.000055274999999999995,172573.4620032753,1803275.465029,0.000067,0.000055,0.000067,0.000055,1803275.465029
,02/03/2023,1677715200,166848.76115895892,0.00012200000000000001,0.00012200000000000001,166848.76115895892,166848.76115895892,0.000067,0.000055,0.000067,0.000055,166848.76115895892,1801355.600697,0.000067,0.000055,0.000067,0.000055,1801355.600697
,03/03/2023,1677801600,136308.5783637646,0.000122122,0.000122122,136308.5783637646,136308.5783637646,0.000067067,0.000055054999999999994,0.000067067,0.000055054999999999994,136308.5783637646,1801355.601477,0.000067,0.000055,0.000067,0.000055,1801355.601477
,04/03/2023,1677888000,96224.75159888824,0.00012204874,0.00012204874,96224.75159888824,96224.75159888824,0.000067067,0.000054981740000000005,0.000067067,0.000054981740000000005,96224.75159888824,1801354.442302,0.000067,0.000055,0.000067,0.000055,1801354.442302
,05/03/2023,1677974400,185125.83426503,0.000122122,0.000122122,185125.83426503,185125.83426503,0.000067067,0.000055054999999999994,0.000067067,0.000055054999999999994,185125.83426503,1801360.6525740002,0.000067,0.000055,0.000067,0.000055,1801360.6525740002
,06/03/2023,1678060800,185966.83737147335,0.000121969247,0.000121969247,185966.83737147335,185966.83737147335,0.000066969247,0.000055,0.000066969247,0.000055,185966.83737147335,1801340.953636,0.000067,0.000055,0.000067,0.000055,1801340.953636
,07/03/2023,1678147200,189486.40534972167,0.00012206700000000001,0.00012206700000000001,189486.40534972167,189486.40534972167,0.000067067,0.000055,0.000067067,0.000055,189486.40534972167,1801338.5556859998,0.000067,0.000055,0.000067,0.000055,1801338.5556859998
,08/03/2023,1678233600,187655.45539803334,0.000122244,0.000122244,187655.45539803334,187655.45539803334,0.000067134,0.00005511,0.000067134,0.00005511,187655.45539803334,1801365.5556859998,0.000067,0.000055,0.000067,0.000055,1801365.5556859998
,09/03/2023,1678320000,191632.87054498805,0.000121978962,0.000121978962,191632.87054498805,191632.87054498805,0.000066978962,0.000055,0.000066978962,0.000055,191632.87054498805,1801365.5556859998,0.000067,0.000055,0.000067,0.000055,1801365.5556859998
,10/03/2023,1678406400,188905.60309367944,0.00012211,0.00012211,188905.60309367944,188905.60309367944,0.000067,0.00005511,0.000067,0.00005511,188905.60309367944,1801365.5556859998,0.000067,0.000055,0.000067,0.000055,1801365.5556859998
,11/03/2023,1678492800,73510.90018362322,0.00012165395,0.00012165395,73510.90018362322,73510.90018362322,0.000067067,0.00005458695,0.000067067,0.00005458695,73510.90018362322,1801365.5556859998,0.000067,0.000055,0.000067,0.000055,1801365.5556859998
,12/03/2023,1678579200,195017.64297737688,0.000120053295,0.000120053295,195017.64297737688,195017.64297737688,0.000067134,0.000052919295000000006,0.000067134,0.000052919295000000006,195017.64297737688,1801365.616218,0.000067,0.000055,0.000067,0.000055,1801365.616218
,13/03/2023,1678665600,196013.79816314543,0.000121904405,0.000121904405,196013.79816314543,196013.79816314543,0.00006733499999999999,0.000054569405,0.00006733499999999999,0.000054569405,196013.79816314543,1801365.616218,0.000067,0.000055,0.000067,0.000055,1801365.616218
,14/03/2023,1678752000,195235.87816160228,0.00012226372,0.00012226372,195235.87816160228,195235.87816160228,0.00006733499999999999,0.00005492872,0.00006733499999999999,0.00005492872,195235.87816160228,1801368.106896,0.000067,0.000055,0.000067,0.000055,1801368.106896
,15/03/2023,1678838400,195936.3032560295,0.000122433,0.000122433,195936.3032560295,195936.3032560295,0.00006726800000000001,0.000055165,0.00006726800000000001,0.000055165,195936.3032560295,1801332.1619890002,0.000067,0.000055,0.000067,0.000055,1801332.1619890002
,16/03/2023,1678924800,190218.04887904407,0.000122689,0.000122689,190218.04887904407,190218.04887904407,0.000067469,0.00005522,0.000067469,0.00005522,190218.04887904407,1802519.2021060002,0.000067,0.000055,0.000067,0.000055,1802519.2021060002
,17/03/2023,1679011200,195645.43831491846,0.00012262200000000002,0.00012262200000000002,195645.43831491846,195645.43831491846,0.000067402,0.00005522,0.000067402,0.00005522,195645.43831491846,1802519.2400490001,0.000067,0.000055,0.000067,0.000055,1802519.2400490001
,18/03/2023,1679097600,196811.67725215913,0.00012262200000000002,0.00012262200000000002,196811.67725215913,196811.67725215913,0.000067402,0.00005522,0.000067402,0.00005522,196811.67725215913,1802519.322375,0.000067,0.000055,0.000067,0.000055,1802519.322375
,19/03/2023,1679184000,231400.39220772154,0.000122744,0.000122744,231400.39220772154,231400.39220772154,0.000067469,0.000055274999999999995,0.000067469,0.000055274999999999995,231400.39220772154,1802520.659685,0.000067,0.000055,0.000067,0.000055,1802520.659685
,20/03/2023,1679270400,231657.68348801543,0.000122512,0.000122512,231657.68348801543,231657.68348801543,0.000067402,0.00005511,0.000067402,0.00005511,231657.68348801543,1802531.0344699998,0.000067,0.000055,0.000067,0.000055,1802531.0344699998
,21/03/2023,1679356800,239148.61978149533,0.00012298799999999998,0.00012298799999999998,239148.61978149533,239148.61978149533,0.000067603,0.000055385,0.000067603,0.000055385,239148.61978149533,1802161.398795,0.000067,0.000055,0.000067,0.000055,1802161.398795
,22/03/2023,1679443200,199771.39321782454,0.000122512,0.000122512,199771.39321782454,199771.39321782454,0.000067402,0.00005511,0.000067402,0.00005511,199771.39321782454,1802161.398795,0.000067,0.000055,0.000067,0.000055,1802161.398795
,23/03/2023,1679529600,201591.28652759062,0.000122744,0.000122744,201591.28652759062,201591.28652759062,0.000067469,0.000055274999999999995,0.000067469,0.000055274999999999995,201591.28652759062,1800967.405437,0.000067,0.000055,0.000067,0.000055,1800967.405437
,24/03/2023,1679616000,193537.36029047635,0.0001225,0.0001225,193537.36029047635,193537.36029047635,0.00006733499999999999,0.000055165,0.00006733499999999999,0.000055165,193537.36029047635,1800967.405437,0.000067,0.000055,0.000067,0.000055,1800967.405437
,25/03/2023,1679702400,202032.52354192268,0.000122677,0.000122677,202032.52354192268,202032.52354192268,0.000067402,0.000055274999999999995,0.000067402,0.000055274999999999995,202032.52354192268,1800967.405437,0.000067,0.000055,0.000067,0.000055,1800967.405437
,26/03/2023,1679788800,200512.50705173385,0.000123,0.000123,200512.50705173385,200512.50705173385,0.00006767000000000001,0.00005533,0.00006767000000000001,0.00005533,200512.50705173385,1800967.405437,0.000067,0.000055,0.000067,0.000055,1800967.405437
,27/03/2023,1679875200,202477.2115721982,0.000122122,0.000122122,202477.2115721982,202477.2115721982,0.000067067,0.000055054999999999994,0.000067067,0.000055054999999999994,202477.2115721982,1800885.971718,0.000067,0.000055,0.000067,0.000055,1800885.971718
,28/03/2023,1679961600,200280.13068670224,0.000121975415,0.000121975415,200280.13068670224,200280.13068670224,0.000067,0.000054975415,0.000067,0.000054975415,200280.13068670224,1800885.971718,0.000067,0.000055,0.000067,0.000055,1800885.971718
,29/03/2023,1680048000,257065.6671469142,0.00012218899999999998,0.00012218899999999998,257065.6671469142,257065.6671469142,0.000067134,0.000055054999999999994,0.000067134,0.000055054999999999994,257065.6671469142,1800885.971718,0.000067,0.000055,0.000067,0.000055,1800885.971718
,30/03/2023,1680134400,225223.28201531066,0.000122122,0.000122122,225223.28201531066,225223.28201531066,0.000067067,0.000055054999999999994,0.000067067,0.000055054999999999994,225223.28201531066,1800130.136397,0.000067,0.000055,0.000067,0.000055,1800130.136397
,31/03/2023,1680220800,253170.387443915,0.000122299,0.000122299,253170.387443915,253170.387443915,0.000067134,0.000055165,0.000067134,0.000055165,253170.387443915,1800130.741211,0.000067,0.000055,0.000067,0.000055,1800130.741211
,01/04/2023,1680307200,249526.99301579682,0.00012206700000000001,0.00012206700000000001,249526.99301579682,249526.99301579682,0.000067067,0.000055,0.000067067,0.000055,249526.99301579682,1800131.247589,0.000067,0.000055,0.000067,0.000055,1800131.247589
,02/04/2023,1680393600,251294.72190092923,0.000122122,0.000122122,251294.72190092923,251294.72190092923,0.000067067,0.000055054999999999994,0.000067067,0.000055054999999999994,251294.72190092923,1800131.247589,0.000067,0.000055,0.000067,0.000055,1800131.247589
,03/04/2023,1680480000,212774.3928956375,0.000122122,0.000122122,212774.3928956375,212774.3928956375,0.000067067,0.000055054999999999994,0.000067067,0.000055054999999999994,212774.3928956375,1800136.9968919999,0.000067,0.000055,0.000067,0.000055,1800136.9968919999
,04/04/2023,1680566400,191550.7954189537,0.000122122,0.000122122,191550.7954189537,191550.7954189537,0.000067067,0.000055054999999999994,0.000067067,0.000055054999999999994,191550.7954189537,1800137.163388,0.000067,0.000055,0.000067,0.000055,1800137.163388
,05/04/2023,1680652800,155679.46216412104,0.00012194665,0.00012194665,155679.46216412104,155679.46216412104,0.000067,0.000054946650000000004,0.000067,0.000054946650000000004,155679.46216412104,1800137.163388,0.000067,0.000055,0.000067,0.000055,1800137.163388
,06/04/2023,1680739200,201669.36641435765,0.000122244,0.000122244,201669.36641435765,201669.36641435765,0.000067134,0.00005511,0.000067134,0.00005511,201669.36641435765,1800137.163388,0.000067,0.000055,0.000067,0.000055,1800137.163388
,07/04/2023,1680825600,205499.22364494507,0.000122122,0.000122122,205499.22364494507,205499.22364494507,0.000067067,0.000055054999999999994,0.000067067,0.000055054999999999994,205499.22364494507,1800161.390071,0.000067,0.000055,0.000067,0.000055,1800161.390071
,08/04/2023,1680912000,221040.016925428,0.000122122,0.000122122,221040.016925428,221040.016925428,0.000067067,0.000055054999999999994,0.000067067,0.000055054999999999994,221040.016925428,1800161.390071,0.000067,0.000055,0.000067,0.000055,1800161.390071
,09/04/2023,1680998400,156686.04739177984,0.00012206700000000001,0.00012206700000000001,156686.04739177984,156686.04739177984,0.000067067,0.000055,0.000067067,0.000055,156686.04739177984,1800161.390071,0.000067,0.000055,0.000067,0.000055,1800161.390071
,10/04/2023,1681084800,196248.17634955008,0.000122177,0.000122177,196248.17634955008,196248.17634955008,0.000067067,0.00005511,0.000067067,0.00005511,196248.17634955008,1800161.2257680001,0.000067,0.000055,0.000067,0.000055,1800161.2257680001
,11/04/2023,1681171200,198230.15385912062,0.00012194479000000001,0.00012194479000000001,198230.15385912062,198230.15385912062,0.000067067,0.000054877790000000004,0.000067067,0.000054877790000000004,198230.15385912062,1800161.2257680001,0.000067,0.000055,0.000067,0.000055,1800161.2257680001
,12/04/2023,1681257600,199497.46736206132,0.000122050995,0.000122050995,199497.46736206132,199497.46736206132,0.000067067,0.000054983995,0.000067067,0.000054983995,199497.46736206132,1800161.2257680001,0.000067,0.000055,0.000067,0.000055,1800161.2257680001
,13/04/2023,1681344000,247088.83725376552,0.000122033505,0.000122033505,247088.83725376552,247088.83725376552,0.000067067,0.000054966505000000003,0.000067067,0.000054966505000000003,247088.83725376552,1800164.9236390002,0.000067,0.000055,0.000067,0.000055,1800164.9236390002
,14/04/2023,1681430400,248680.3659084999,0.000122378,0.000122378,248680.3659084999,248680.3659084999,0.00006726800000000001,0.00005511,0.00006726800000000001,0.00005511,248680.3659084999,1800166.2473560001,0.000067,0.000055,0.000067,0.000055,1800166.2473560001
,15/04/2023,1681516800,252574.1255015309,0.000122256,0.000122256,252574.1255015309,252574.1255015309,0.000067201,0.000055054999999999994,0.000067201,0.000055054999999999994,252574.1255015309,1800166.2473560001,0.000067,0.000055,0.000067,0.000055,1800166.2473560001
,16/04/2023,1681603200,246187.13565591184,0.00012206700000000001,0.00012206700000000001,246187.13565591184,246187.13565591184,0.000067067,0.000055,0.000067067,0.000055,246187.13565591184,1800166.2473560001,0.000067,0.000055,0.000067,0.000055,1800166.2473560001
,17/04/2023,1681689600,252032.2754610768,0.00012198966,0.00012198966,252032.2754610768,252032.2754610768,0.000067,0.000054989660000000004,0.000067,0.000054989660000000004,252032.2754610768,1800166.2473560001,0.000067,0.000055,0.000067,0.000055,1800166.2473560001
,18/04/2023,1681776000,268581.2037730205,0.000122122,0.000122122,268581.2037730205,268581.2037730205,0.000067067,0.000055054999999999994,0.000067067,0.000055054999999999994,268581.2037730205,1800166.2473560001,0.000067,0.000055,0.000067,0.000055,1800166.2473560001
,19/04/2023,1681862400,257969.22374485692,0.000122046375,0.000122046375,257969.22374485692,257969.22374485692,0.000067067,0.000054979375,0.000067067,0.000054979375,257969.22374485692,1800166.2473560001,0.000067,0.000055,0.000067,0.000055,1800166.2473560001
,20/04/2023,1681948800,227580.61732324027,0.000122018765,0.000122018765,227580.61732324027,227580.61732324027,0.000067067,0.000054951765,0.000067067,0.000054951765,227580.61732324027,1800166.2473560001,0.000067,0.000055,0.000067,0.000055,1800166.2473560001
,21/04/2023,1682035200,225397.96697393968,0.000121981025,0.000121981025,225397.96697393968,225397.96697393968,0.000067,0.000054981025,0.000067,0.000054981025,225397.96697393968,1800475.8201579999,0.000067,0.000055,0.000067,0.000055,1800475.8201579999
,22/04/2023,1682121600,218973.86960371933,0.000122065735,0.000122065735,218973.86960371933,218973.86960371933,0.000067067,0.000054998735,0.000067067,0.000054998735,218973.86960371933,1800475.823086,0.000067,0.000055,0.000067,0.000055,1800475.823086
,23/04/2023,1682208000,216514.4259969534,0.00012206700000000001,0.00012206700000000001,216514.4259969534,216514.4259969534,0.000067067,0.000055,0.000067067,0.000055,216514.4259969534,1800475.876037,0.000067,0.000055,0.000067,0.000055,1800475.876037
,24/04/2023,1682294400,215106.45823552343,0.000121894365,0.000121894365,215106.45823552343,215106.45823552343,0.000067134,0.000054760364999999996,0.000067134,0.000054760364999999996,215106.45823552343,1800475.912645,0.000067,0.000055,0.000067,0.000055,1800475.912645
,25/04/2023,1682380800,208700.3661485906,0.00012201882,0.00012201882,208700.3661485906,208700.3661485906,0.000067067,0.00005495182,0.000067067,0.00005495182,208700.3661485906,1800475.923086,0.000067,0.000055,0.000067,0.000055,1800475.923086
,26/04/2023,1682467200,211136.41007252593,0.00012203031500000001,0.00012203031500000001,211136.41007252593,211136.41007252593,0.000067067,0.000054963315000000004,0.000067067,0.000054963315000000004,211136.41007252593,1800475.923086,0.000067,0.000055,0.000067,0.000055,1800475.923086
,27/04/2023,1682553600,207240.18017496786,0.000121901866,0.000121901866,207240.18017496786,207240.18017496786,0.000066937891,0.000054963975,0.000066937891,0.000054963975,207240.18017496786,1800475.923086,0.000067,0.000055,0.000067,0.000055,1800475.923086
,28/04/2023,1682640000,203664.43499171906,0.000121926238,0.000121926238,203664.43499171906,203664.43499171906,0.000066996583,0.000054929655,0.000066996583,0.000054929655,203664.43499171906,1800475.923086,0.000067,0.000055,0.000067,0.000055,1800475.923086
,29/04/2023,1682726400,202445.40831332892,0.000121913155,0.000121913155,202445.40831332892,202445.40831332892,0.000067,0.000054913155000000005,0.000067,0.000054913155000000005,202445.40831332892,1800474.993893,0.000067,0.000055,0.000067,0.000055,1800474.993893
,30/04/2023,1682812800,210624.96621058483,0.00012205974,0.00012205974,210624.96621058483,210624.96621058483,0.000067067,0.00005499274,0.000067067,0.00005499274,210624.96621058483,1800474.993893,0.000067,0.000055,0.000067,0.000055,1800474.993893
,01/05/2023,1682899200,238915.82978962554,0.000122032515,0.000122032515,238915.82978962554,238915.82978962554,0.000067067,0.000054965515,0.000067067,0.000054965515,238915.82978962554,1800474.993893,0.000067,0.000055,0.000067,0.000055,1800474.993893
,02/05/2023,1682985600,240131.1504105033,0.00012206700000000001,0.00012206700000000001,240131.1504105033,240131.1504105033,0.000067067,0.000055,0.000067067,0.000055,240131.1504105033,1800474.993893,0.000067,0.000055,0.000067,0.000055,1800474.993893
,03/05/2023,1683072000,238941.03643954004,0.000121989725,0.000121989725,238941.03643954004,238941.03643954004,0.000067067,0.000054922725000000004,0.000067067,0.000054922725000000004,238941.03643954004,1800474.993893,0.000067,0.000055,0.000067,0.000055,1800474.993893
,04/05/2023,1683158400,218727.1036831033,0.000122122,0.000122122,218727.1036831033,218727.1036831033,0.000067067,0.000055054999999999994,0.000067067,0.000055054999999999994,218727.1036831033,1800474.993893,0.000067,0.000055,0.000067,0.000055,1800474.993893
,05/05/2023,1683244800,191586.74362516025,0.000121986265,0.000121986265,191586.74362516025,191586.74362516025,0.000066986265,0.000055,0.000066986265,0.000055,191586.74362516025,1800474.993893,0.000067,0.000055,0.000067,0.000055,1800474.993893
,06/05/2023,1683331200,205999.5459512737,0.000122177,0.000122177,205999.5459512737,205999.5459512737,0.000067067,0.00005511,0.000067067,0.00005511,205999.5459512737,1800474.993893,0.000067,0.000055,0.000067,0.000055,1800474.993893
,07/05/2023,1683417600,203801.16598373037,0.000122177,0.000122177,203801.16598373037,203801.16598373037,0.000067067,0.00005511,0.000067067,0.00005511,203801.16598373037,1800474.993893,0.000067,0.000055,0.000067,0.000055,1800474.993893
,08/05/2023,1683504000,229322.89902216365,0.000122029215,0.000122029215,229322.89902216365,229322.89902216365,0.000067067,0.000054962215,0.000067067,0.000054962215,229322.89902216365,1800474.993893,0.000067,0.000055,0.000067,0.000055,1800474.993893
,09/05/2023,1683590400,194591.88957983293,0.00012202432,0.00012202432,194591.88957983293,194591.88957983293,0.000067067,0.000054957320000000005,0.000067067,0.000054957320000000005,194591.88957983293,1800476.411294,0.000067,0.000055,0.000067,0.000055,1800476.411294
,10/05/2023,1683676800,191262.80869535034,0.00012206700000000001,0.00012206700000000001,191262.80869535034,191262.80869535034,0.000067067,0.000055,0.000067067,0.000055,191262.80869535034,1800476.411294,0.000067,0.000055,0.000067,0.000055,1800476.411294
,11/05/2023,1683763200,191451.85871853618,0.00012197362,0.00012197362,191451.85871853618,191451.85871853618,0.000067134,0.00005483962,0.000067134,0.00005483962,191451.85871853618,1800476.411294,0.000067,0.000055,0.000067,0.000055,1800476.411294
,12/05/2023,1683849600,191484.26729393948,0.000122122,0.000122122,191484.26729393948,191484.26729393948,0.000067067,0.000055054999999999994,0.000067067,0.000055054999999999994,191484.26729393948,1800476.411294,0.000067,0.000055,0.000067,0.000055,1800476.411294
,13/05/2023,1683936000,182825.77623202663,0.00012218899999999998,0.00012218899999999998,182825.77623202663,182825.77623202663,0.000067134,0.000055054999999999994,0.000067134,0.000055054999999999994,182825.77623202663,1800476.411294,0.000067,0.000055,0.000067,0.000055,1800476.411294
,14/05/2023,1684022400,183599.98108888304,0.000122122,0.000122122,183599.98108888304,183599.98108888304,0.000067067,0.000055054999999999994,0.000067067,0.000055054999999999994,183599.98108888304,1800476.411294,0.000067,0.000055,0.000067,0.000055,1800476.411294
,15/05/2023,1684108800,165996.72321566162,0.00012199494000000001,0.00012199494000000001,165996.72321566162,165996.72321566162,0.000067,0.00005499494,0.000067,0.00005499494,165996.72321566162,1800476.411294,0.000067,0.000055,0.000067,0.000055,1800476.411294
,16/05/2023,1684195200,165897.69701304045,0.00012200000000000001,0.00012200000000000001,165897.69701304045,165897.69701304045,0.000067,0.000055,0.000067,0.000055,165897.69701304045,1800476.411294,0.000067,0.000055,0.000067,0.000055,1800476.411294
,17/05/2023,1684281600,165429.57314610403,0.00012197340100000002,0.00012197340100000002,165429.57314610403,165429.57314610403,0.00006697340100000001,0.000055,0.00006697340100000001,0.000055,165429.57314610403,1800476.411294,0.000067,0.000055,0.000067,0.000055,1800476.411294
,18/05/2023,1684368000,165164.90311364378,0.000121932555,0.000121932555,165164.90311364378,165164.90311364378,0.000066984255,0.0000549483,0.000066984255,0.0000549483,165164.90311364378,1800476.411294,0.000067,0.000055,0.000067,0.000055,1800476.411294
,19/05/2023,1684454400,157872.9736479031,0.00012200000000000001,0.00012200000000000001,157872.9736479031,157872.9736479031,0.000067,0.000055,0.000067,0.000055,157872.9736479031,1800476.411294,0.000067,0.000055,0.000067,0.000055,1800476.411294
,20/05/2023,1684540800,165145.09787311955,0.00012199791000000001,0.00012199791000000001,165145.09787311955,165145.09787311955,0.000067,0.000054997910000000005,0.000067,0.000054997910000000005,165145.09787311955,1800476.411294,0.000067,0.000055,0.000067,0.000055,1800476.411294
,21/05/2023,1684627200,147990.15862631032,0.000122256,0.000122256,147990.15862631032,147990.15862631032,0.000067201,0.000055054999999999994,0.000067201,0.000055054999999999994,147990.15862631032,1800476.411294,0.000067,0.000055,0.000067,0.000055,1800476.411294
,22/05/2023,1684713600,143904.87764908423,0.000122177,0.000122177,143904.87764908423,143904.87764908423,0.000067067,0.00005511,0.000067067,0.00005511,143904.87764908423,1800476.411294,0.000067,0.000055,0.000067,0.000055,1800476.411294
,23/05/2023,1684800000,144365.7996103755,0.000121969155,0.000121969155,144365.7996103755,144365.7996103755,0.000067067,0.000054902155,0.000067067,0.000054902155,144365.7996103755,1800476.411294,0.000067,0.000055,0.000067,0.000055,1800476.411294
,24/05/2023,1684886400,144706.08965211007,0.000122130315,0.000122130315,144706.08965211007,144706.08965211007,0.000067134,0.000054996315,0.000067134,0.000054996315,144706.08965211007,1800476.411294,0.000067,0.000055,0.000067,0.000055,1800476.411294
,25/05/2023,1684972800,143861.6662152132,0.000121922136,0.000121922136,143861.6662152132,143861.6662152132,0.000066998861,0.000054923275,0.000066998861,0.000054923275,143861.6662152132,1800476.411294,0.000067,0.000055,0.000067,0.000055,1800476.411294
,26/05/2023,1685059200,143172.0837496876,0.000121955076,0.000121955076,143172.0837496876,143172.0837496876,0.000066980101,0.000054974975,0.000066980101,0.000054974975,143172.0837496876,1800476.411294,0.000067,0.000055,0.000067,0.000055,1800476.411294
,27/05/2023,1685145600,143798.6495408179,0.00012199813,0.00012199813,143798.6495408179,143798.6495408179,0.000067,0.00005499813,0.000067,0.00005499813,143798.6495408179,1800476.411294,0.000067,0.000055,0.000067,0.000055,1800476.411294
,28/05/2023,1685232000,143948.0890829553,0.000122056393,0.000122056393,143948.0890829553,143948.0890829553,0.00006689139300000001,0.000055165,0.00006689139300000001,0.000055165,143948.0890829553,1800476.411294,0.000067,0.000055,0.000067,0.000055,1800476.411294
,29/05/2023,1685318400,143712.22667307578,0.00012196828100000001,0.00012196828100000001,143712.22667307578,143712.22667307578,0.000066976751,0.000054991530000000006,0.000066976751,0.000054991530000000006,143712.22667307578,1800476.411294,0.000067,0.000055,0.000067,0.000055,1800476.411294
,30/05/2023,1685404800,141512.0444984745,0.000121897108,0.000121897108,141512.0444984745,141512.0444984745,0.000066938963,0.000054958145,0.000066938963,0.000054958145,141512.0444984745,1800476.411294,0.000067,0.000055,0.000067,0.000055,1800476.411294
,31/05/2023,1685491200,141365.82325389617,0.000121946889,0.000121946889,141365.82325389617,141365.82325389617,0.000066955579,0.000054991310000000004,0.000066955579,0.000054991310000000004,141365.82325389617,1800471.537698,0.000067,0.000055,0.000067,0.000055,1800471.537698
,01/06/2023,1685577600,140179.31251055317,0.000122014595,0.000122014595,140179.31251055317,140179.31251055317,0.000067134,0.000054880595,0.000067134,0.000054880595,140179.31251055317,1800471.537698,0.000067,0.000055,0.000067,0.000055,1800471.537698
,02/06/2023,1685664000,135980.61288464145,0.00012199373,0.00012199373,135980.61288464145,135980.61288464145,0.000067,0.000054993730000000004,0.000067,0.000054993730000000004,135980.61288464145,1800471.537698,0.000067,0.000055,0.000067,0.000055,1800471.537698
,03/06/2023,1685750400,135913.99543774663,0.00012202245,0.00012202245,135913.99543774663,135913.99543774663,0.000067067,0.00005495545,0.000067067,0.00005495545,135913.99543774663,1800471.537698,0.000067,0.000055,0.000067,0.000055,1800471.537698
,04/06/2023,1685836800,139464.52531008708,0.000122059025,0.000122059025,139464.52531008708,139464.52531008708,0.000067067,0.000054992025000000006,0.000067067,0.000054992025000000006,139464.52531008708,1800471.537698,0.000067,0.000055,0.000067,0.000055,1800471.537698
,05/06/2023,1685923200,138196.9933475477,0.000122122,0.000122122,138196.9933475477,138196.9933475477,0.000067067,0.000055054999999999994,0.000067067,0.000055054999999999994,138196.9933475477,1800471.537698,0.000067,0.000055,0.000067,0.000055,1800471.537698
,06/06/2023,1686009600,131031.11662750963,0.000122122,0.000122122,131031.11662750963,131031.11662750963,0.000067067,0.000055054999999999994,0.000067067,0.000055054999999999994,131031.11662750963,1800471.537698,0.000067,0.000055,0.000067,0.000055,1800471.537698
,07/06/2023,1686096000,128955.17294454387,0.000122122,0.000122122,128955.17294454387,128955.17294454387,0.000067067,0.000055054999999999994,0.000067067,0.000055054999999999994,128955.17294454387,1800471.537698,0.000067,0.000055,0.000067,0.000055,1800471.537698
,08/06/2023,1686182400,127885.69285115124,0.00012199901000000001,0.00012199901000000001,127885.69285115124,127885.69285115124,0.000067,0.00005499901000000001,0.000067,0.00005499901000000001,127885.69285115124,1800471.537698,0.000067,0.000055,0.000067,0.000055,1800471.537698
,09/06/2023,1686268800,128443.8751348597,0.00012200000000000001,0.00012200000000000001,128443.8751348597,128443.8751348597,0.000067,0.000055,0.000067,0.000055,128443.8751348597,1800472.0438309999,0.000067,0.000055,0.000067,0.000055,1800472.0438309999
,10/06/2023,1686355200,125111.2013817285,0.000121943483,0.000121943483,125111.2013817285,125111.2013817285,0.000066983853,0.000054959630000000004,0.000066983853,0.000054959630000000004,125111.2013817285,1800472.0438309999,0.000067,0.000055,0.000067,0.000055,1800472.0438309999
,11/06/2023,1686441600,120997.16183218923,0.00012198636,0.00012198636,120997.16183218923,120997.16183218923,0.000067,0.00005498636,0.000067,0.00005498636,120997.16183218923,1800472.625213,0.000067,0.000055,0.000067,0.000055,1800472.625213
,12/06/2023,1686528000,121783.96836940733,0.000121768018,0.000121768018,121783.96836940733,121783.96836940733,0.000066894408,0.00005487361,0.000066894408,0.00005487361,121783.96836940733,1800472.625213,0.000067,0.000055,0.000067,0.000055,1800472.625213
,13/06/2023,1686614400,121584.11590800868,0.000121845694,0.000121845694,121584.11590800868,121584.11590800868,0.000066948544,0.00005489715,0.000066948544,0.00005489715,121584.11590800868,1800472.625213,0.000067,0.000055,0.000067,0.000055,1800472.625213
,14/06/2023,1686700800,122345.71582847377,0.00012195534,0.00012195534,122345.71582847377,122345.71582847377,0.000067,0.00005495534,0.000067,0.00005495534,122345.71582847377,1800472.625213,0.000067,0.000055,0.000067,0.000055,1800472.625213
,15/06/2023,1686787200,126969.3296486354,0.000121999866,0.000121999866,126969.3296486354,126969.3296486354,0.00006699986600000001,0.000055,0.00006699986600000001,0.000055,126969.3296486354,1800472.626895,0.000067,0.000055,0.000067,0.000055,1800472.626895
,16/06/2023,1686873600,127532.87758085353,0.000121902192,0.000121902192,127532.87758085353,127532.87758085353,0.000066939097,0.000054963095,0.000066939097,0.000054963095,127532.87758085353,1800472.626895,0.000067,0.000055,0.000067,0.000055,1800472.626895
,17/06/2023,1686960000,127059.35327998013,0.000121913909,0.000121913909,127059.35327998013,127059.35327998013,0.000066923754,0.000054990155,0.000066923754,0.000054990155,127059.35327998013,1800472.626895,0.000067,0.000055,0.000067,0.000055,1800472.626895
,18/06/2023,1687046400,133357.40652885885,0.00012198124,0.00012198124,133357.40652885885,133357.40652885885,0.00006698124,0.000055,0.00006698124,0.000055,133357.40652885885,1800472.626895,0.000067,0.000055,0.000067,0.000055,1800472.626895
,19/06/2023,1687132800,126128.50893187545,0.000122122,0.000122122,126128.50893187545,126128.50893187545,0.000067067,0.000055054999999999994,0.000067067,0.000055054999999999994,126128.50893187545,1800472.626895,0.000067,0.000055,0.000067,0.000055,1800472.626895
,20/06/2023,1687219200,124090.37391823028,0.00012199289800000001,0.00012199289800000001,124090.37391823028,124090.37391823028,0.000066992898,0.000055,0.000066992898,0.000055,124090.37391823028,1800472.626895,0.000067,0.000055,0.000067,0.000055,1800472.626895