,Date,Timestamp,Sentiment,Sentiment,Sentiment,Sentiment,Sentiment,Sentiment,Sentiment,Sentiment,Sentiment,Sentiment,Sentiment,Sentiment,Sentiment,Sentiment,Sentiment,Sentiment,Sentiment,Sentiment,Sentiment,Sentiment,Sentiment,Sentiment,Sentiment,Sentiment,Sentiment,Sentiment,Sentiment,Sentiment,Sentiment,Sentiment
,,,Leveraged Farming,Leveraged Farming,Leveraged Farming,Leveraged Farming,Leveraged Farming,Leveraged Farming,Leveraged Farming,Leveraged Farming,Leveraged Farming,Leveraged Farming,Leveraged Farming,Leveraged Farming,Leveraged Farming,Leveraged Farming,Leveraged Farming,Leveraged Farming,Leveraged Farming,Leveraged Farming,Leveraged Farming,Leveraged Farming,Leveraged Farming,Leveraged Farming,Leveraged Farming,Leveraged Farming,Leveraged Farming,Leveraged Farming,Leveraged Farming,Leveraged Farming,Leveraged Farming,Leveraged Farming
,,,arbitrum,Total,arbitrum,arbitrum,arbitrum,arbitrum,arbitrum,arbitrum,arbitrum,Total,Total,Total,Total,Total,Total,Total,arbitrum,arbitrum,arbitrum,arbitrum,arbitrum,arbitrum,arbitrum,Total,Total,Total,Total,Total,Total,Total
,,,TVL,TVL,Tokens(USD),Tokens(USD),Tokens(USD),Tokens(USD),Tokens(USD),Tokens(USD),Tokens(USD),Tokens(USD),Tokens(USD),Tokens(USD),Tokens(USD),Tokens(USD),Tokens(USD),Tokens(USD),Tokens,Tokens,Tokens,Tokens,Tokens,Tokens,Tokens,Tokens,Tokens,Tokens,Tokens,Tokens,Tokens,Tokens
,,,,,USDT,WETH,USDC,FRAX,ARB,WBTC,OHM,USDT,WETH,USDC,FRAX,ARB,WBTC,OHM,USDT,WETH,USDC,FRAX,ARB,WBTC,OHM,USDT,WETH,USDC,FRAX,ARB,WBTC,OHM
,15/11/2022,1668470400,2104678.122751161,2104678.122751161,899099.362925,252723.821337708,952854.9384884529,,,,,899099.362925,252723.821337708,952854.9384884529,,,,,899099.362925,202.37171494279195,951903.035453,,,,,899099.362925,202.37171494279195,951903.035453,,,,
,16/11/2022,1668556800,2096585.079592,2096585.079592,899100.145685,254394.48948487412,943090.4444221259,,,,,899100.145685,254394.48948487412,943090.4444221259,,,,,899100.145685,202.78718003720567,942148.296126,,,,,899100.145685,202.78718003720567,942148.296126,,,,
,17/11/2022,1668643200,2133604.180988829,2133604.180988829,897016.6515150237,272054.3675378054,964533.161936,,,,,897016.6515150237,272054.3675378054,964533.161936,,,,,897205.961973,222.62494990941744,964533.161936,,,,,897205.961973,222.62494990941744,964533.161936,,,,
,18/11/2022,1668729600,2150764.8714876343,2150764.8714876343,895509.7384548932,286366.8957094515,968888.2373232893,,,,,895509.7384548932,286366.8957094515,968888.2373232893,,,,,896554.224126,236.76860775659912,969961.014205,,,,,896554.224126,236.76860775659912,969961.014205,,,,
,19/11/2022,1668816000,2165408.9226403907,2165408.9226403907,898574.4317700149,295532.9488856718,971301.541984704,,,,,898574.4317700149,295532.9488856718,971301.541984704,,,,,897676.755015,244.29863843341582,969362.816352,,,,,897676.755015,244.29863843341582,969362.816352,,,,
,20/11/2022,1668902400,2173192.213665544,2173192.213665544,897719.884133,306668.39935045596,968803.9301820879,,,,,897719.884133,306668.39935045596,968803.9301820879,,,,,897719.884133,251.16167022969367,967836.094088,,,,,897719.884133,251.16167022969367,967836.094088,,,,
,21/11/2022,1668988800,2168888.6802358218,2168888.6802358218,896747.7963040154,304011.3423806346,968129.5415511719,,,,,896747.7963040154,304011.3423806346,968129.5415511719,,,,,897723.621881,266.7468126530092,967162.379172,,,,,897723.621881,266.7468126530092,967162.379172,,,,
,22/11/2022,1669075200,2183389.2110178014,2183389.2110178014,898536.6347237278,311238.8202361311,973613.7560579429,,,,,898536.6347237278,311238.8202361311,973613.7560579429,,,,,897638.995728,279.9010937768724,972641.114943,,,,,897638.995728,279.9010937768724,972641.114943,,,,
,23/11/2022,1669161600,2196623.5556467017,2196623.5556467017,898441.8973770238,324335.72937338374,973845.928896294,,,,,898441.8973770238,324335.72937338374,973845.928896294,,,,,897544.353024,285.36613058121327,971902.124647,,,,,897544.353024,285.36613058121327,971902.124647,,,,
,24/11/2022,1669248000,2117903.518318452,2117903.518318452,796187.551733,354327.911871586,967388.0547138661,,,,,796187.551733,354327.911871586,967388.0547138661,,,,,796187.551733,299.59998298053216,965457.140433,,,,,796187.551733,299.59998298053216,965457.140433,,,,
,25/11/2022,1669334400,2132373.3688996774,2132373.3688996774,797035.576871534,366216.30447092076,969121.4875572228,,,,,797035.576871534,366216.30447092076,969121.4875572228,,,,,796239.337534,305.6540174528191,968153.334223,,,,,796239.337534,305.6540174528191,968153.334223,,,,
,26/11/2022,1669420800,2142059.331918703,2142059.331918703,795771.6734610627,367587.845127004,978699.8133306362,,,,,795771.6734610627,367587.845127004,978699.8133306362,,,,,796141.879435,304.8017356089222,978788.883119,,,,,796141.879435,304.8017356089222,978788.883119,,,,
,27/11/2022,1669507200,2158187.437509506,2158187.437509506,796150.605486,375572.50230764126,986464.329715865,,,,,796150.605486,375572.50230764126,986464.329715865,,,,,796150.605486,311.7146409604778,985478.850865,,,,,796150.605486,311.7146409604778,985478.850865,,,,
,28/11/2022,1669593600,2158873.112206033,2158873.112206033,796150.54828,374742.2894778662,987980.2744481668,,,,,796150.54828,374742.2894778662,987980.2744481668,,,,,796150.54828,312.7334925709068,986993.281167,,,,,796150.54828,312.7334925709068,986993.281167,,,,
,29/11/2022,1669680000,2214803.676854329,2214803.676854329,817419.8693791128,396723.5836469515,1000660.2238282649,,,,,817419.8693791128,396723.5836469515,1000660.2238282649,,,,,816603.266113,340.333693903998,999660.563265,,,,,816603.266113,340.333693903998,999660.563265,,,,
,30/11/2022,1669766400,2244502.606715011,2244502.606715011,818647.715874996,423220.644824445,1002634.24601557,,,,,818647.715874996,423220.644824445,1002634.24601557,,,,,817013.688498,331.29595593199446,996654.320095,,,,,817013.688498,331.29595593199446,996654.320095,,,,
,01/12/2022,1669852800,2265688.024490275,2265688.024490275,816722.7765100999,448337.2686979952,1000627.9792821798,,,,,816722.7765100999,448337.2686979952,1000627.9792821798,,,,,814279.9367,346.5033879989761,997635.07406,,,,,814279.9367,346.5033879989761,997635.07406,,,,
,02/12/2022,1669939200,4263030.808899509,4263030.808899509,1819350.0488145289,435837.0481013996,2007843.7119835801,,,,,1819350.0488145289,435837.0481013996,2007843.7119835801,,,,,1813908.323843,339.6088737300032,1999844.334645,,,,,1813908.323843,339.6088737300032,1999844.334645,,,,
,03/12/2022,1670025600,4273900.032896306,4273900.032896306,1815777.3726912818,445731.90622722264,2012390.7539778023,,,,,1815777.3726912818,445731.90622722264,2012390.7539778023,,,,,1813963.409282,345.55539671852284,2013115.475549,,,,,1813963.409282,345.55539671852284,2013115.475549,,,,
,04/12/2022,1670112000,3273292.2107230886,3273292.2107230886,1313773.18025,445778.9435731463,1513740.0868999423,,,,,1313773.18025,445778.9435731463,1513740.0868999423,,,,,1313773.18025,356.22703040071144,1513883.905871,,,,,1313773.18025,356.22703040071144,1513883.905871,,,,
,05/12/2022,1670198400,3295607.766880124,3295607.766880124,1316423.711221968,461904.857063756,1517279.1985944,,,,,1316423.711221968,461904.857063756,1517279.1985944,,,,,1313796.118984,357.4229734614925,1514250.6972,,,,,1313796.118984,357.4229734614925,1514250.6972,,,,
,06/12/2022,1670284800,3335510.1237346823,3335510.1237346823,1318411.0425486,476114.4832192688,1540984.5979668137,,,,,1318411.0425486,476114.4832192688,1540984.5979668137,,,,,1317093.9486,376.64901210308585,1539445.152814,,,,,1317093.9486,376.64901210308585,1539445.152814,,,,
,07/12/2022,1670371200,3365786.376328377,3365786.376328377,1330916.4363144648,493995.1261520968,1540874.8138618155,,,,,1330916.4363144648,493995.1261520968,1540874.8138618155,,,,,1329586.849465,389.924324060381,1541975.784572,,,,,1329586.849465,389.924324060381,1541975.784572,,,,
,08/12/2022,1670457600,3343519.9907460865,3343519.9907460865,1331030.098541143,472239.80373885494,1540250.088466089,,,,,1331030.098541143,472239.80373885494,1540250.088466089,,,,,1329700.398143,383.4329079325882,1538711.377089,,,,,1329700.398143,383.4329079325882,1538711.377089,,,,
,09/12/2022,1670544000,3332872.4226842914,3332872.4226842914,1325671.184879,473251.6040580125,1533949.6337472792,,,,,1325671.184879,473251.6040580125,1533949.6337472792,,,,,1325671.184879,371.18937382977697,1535034.903424,,,,,1325671.184879,371.18937382977697,1535034.903424,,,,
,10/12/2022,1670630400,3358269.979906127,3358269.979906127,1325306.8771547547,497309.8893505905,1535653.2134007819,,,,,1325306.8771547547,497309.8893505905,1535653.2134007819,,,,,1325318.805024,393.74976393741184,1536256.962387,,,,,1325318.805024,393.74976393741184,1536256.962387,,,,
,11/12/2022,1670716800,3392910.876935101,3392910.876935101,1326512.496848539,530274.3484134398,1536124.0316731222,,,,,1326512.496848539,530274.3484134398,1536124.0316731222,,,,,1325187.309539,418.6001897831035,1536695.682467,,,,,1325187.309539,418.6001897831035,1536695.682467,,,,
,12/12/2022,1670803200,3499134.2597279064,3499134.2597279064,1306096.5330673258,656366.4637045803,1536671.262956,,,,,1306096.5330673258,656366.4637045803,1536671.262956,,,,,1304791.741326,522.9886645774048,1536671.262956,,,,,1304791.741326,522.9886645774048,1536671.262956,,,,
,13/12/2022,1670889600,3604354.911223128,3604354.911223128,1304786.3302521699,754993.9188449581,1544574.662126,,,,,1304786.3302521699,754993.9188449581,1544574.662126,,,,,1304894.636507,593.9923046654011,1544574.662126,,,,,1304894.636507,593.9923046654011,1544574.662126,,,,
,14/12/2022,1670976000,3661399.945549842,3661399.945549842,1304759.4734873225,810719.7205786338,1545920.7514838858,,,,,1304759.4734873225,810719.7205786338,1545920.7514838858,,,,,1304779.045173,612.5203769916695,1546471.295265,,,,,1304779.045173,612.5203769916695,1546471.295265,,,,
,15/12/2022,1671062400,3742548.1855693124,3742548.1855693124,1304551.0139806797,902893.1577592778,1535104.013829355,,,,,1304551.0139806797,902893.1577592778,1535104.013829355,,,,,1304933.359455,690.8768653275571,1535219.155266,,,,,1304933.359455,690.8768653275571,1535219.155266,,,,
,16/12/2022,1671148800,3733858.0666755745,3733858.0666755745,1307353.8499726518,877039.8612719309,1549464.3554309919,,,,,1307353.8499726518,877039.8612719309,1549464.3554309919,,,,,1307424.450893,689.1879120770809,1547916.438992,,,,,1307424.450893,689.1879120770809,1547916.438992,,,,
,17/12/2022,1671235200,3696557.0255332016,3696557.0255332016,1308592.50646124,828741.1414790808,1559223.377592881,,,,,1308592.50646124,828741.1414790808,1559223.377592881,,,,,1307285.22124,706.5683995183609,1557665.711881,,,,,1307285.22124,706.5683995183609,1557665.711881,,,,
,18/12/2022,1671321600,3705122.950930128,3705122.950930128,1308653.6271869058,838613.9011762223,1557855.422567,,,,,1308653.6271869058,838613.9011762223,1557855.422567,,,,,1307346.280906,707.7567547841759,1557855.422567,,,,,1307346.280906,707.7567547841759,1557855.422567,,,,
,19/12/2022,1671408000,3730812.288117933,3730812.288117933,1307506.011643,864503.4805793057,1558802.795895628,,,,,1307506.011643,864503.4805793057,1558802.795895628,,,,,1307506.011643,727.0600489296455,1558819.942915,,,,,1307506.011643,727.0600489296455,1558819.942915,,,,
,20/12/2022,1671494400,3723451.7735297484,3723451.7735297484,1308870.458954058,856478.3546346906,1558102.959941,,,,,1308870.458954058,856478.3546346906,1558102.959941,,,,,1307562.896058,731.1454086789457,1558102.959941,,,,,1307562.896058,731.1454086789457,1558102.959941,,,,
,21/12/2022,1671580800,3895653.9083058494,3895653.9083058494,1340300.2496593199,998507.98460863,1556845.6740378998,,,,,1340300.2496593199,998507.98460863,1556845.6740378998,,,,,1337624.99966,826.3468763829965,1558148.286005,,,,,1337624.99966,826.3468763829965,1558148.286005,,,,
,22/12/2022,1671667200,3927217.90031415,3927217.90031415,1339193.9443202317,1001324.4998371699,1586699.456156748,,,,,1339193.9443202317,1001324.4998371699,1586699.456156748,,,,,1337856.088232,822.5512180961522,1583532.391374,,,,,1337856.088232,822.5512180961522,1583532.391374,,,,
,23/12/2022,1671753600,3906917.2988749845,3906917.2988749845,1339329.4452077537,1013157.4554675522,1554430.3981996789,,,,,1339329.4452077537,1013157.4554675522,1554430.3981996789,,,,,1337991.453754,832.2305367730837,1552877.520679,,,,,1337991.453754,832.2305367730837,1552877.520679,,,,
,24/12/2022,1671840000,3683523.0200539846,3683523.0200539846,1344863.4600350948,845672.0915168899,1492987.468502,,,,,1344863.4600350948,845672.0915168899,1492987.468502,,,,,1343519.940095,692.3339649579934,1492987.468502,,,,,1343519.940095,692.3339649579934,1492987.468502,,,,
,25/12/2022,1671926400,3680465.199529735,3680465.199529735,1343900.6323262518,842458.8769563134,1494105.6902471697,,,,,1343900.6323262518,842458.8769563134,1494105.6902471697,,,,,1342558.074252,689.2632311916559,1492613.07717,,,,,1342558.074252,689.2632311916559,1492613.07717,,,,
,26/12/2022,1672012800,3680609.7751240833,3680609.7751240833,1344145.111516207,840972.5735801244,1495492.090027752,,,,,1344145.111516207,840972.5735801244,1495492.090027752,,,,,1342802.309207,690.0684130207474,1492507.075876,,,,,1342802.309207,690.0684130207474,1492507.075876,,,,
,27/12/2022,1672099200,3665554.1359756105,3665554.1359756105,1344174.5626989678,826986.7513236122,1494392.8219530308,,,,,1344174.5626989678,826986.7513236122,1494392.8219530308,,,,,1342831.730968,675.0857146665024,1492899.922031,,,,,1342831.730968,675.0857146665024,1492899.922031,,,,
,28/12/2022,1672185600,3659629.160862771,3659629.160862771,1342960.0286707236,822890.6741468173,1493778.45804523,,,,,1342960.0286707236,822890.6741468173,1493778.45804523,,,,,1343540.43814,680.1929873340144,1494797.91022,,,,,1343540.43814,680.1929873340144,1494797.91022,,,,
,29/12/2022,1672272000,3719552.9994296012,3719552.9994296012,1345084.90358,873815.7288686011,1500652.366981,,,,,1345084.90358,873815.7288686011,1500652.366981,,,,,1345084.90358,732.3235045537676,1500652.366981,,,,,1345084.90358,732.3235045537676,1500652.366981,,,,
,30/12/2022,1672358400,3665186.589409225,3665186.589409225,1346375.388308951,820032.7241672743,1498778.476933,,,,,1346375.388308951,820032.7241672743,1498778.476933,,,,,1345030.357951,683.1101297584838,1498778.476933,,,,,1345030.357951,683.1101297584838,1498778.476933,,,,
,31/12/2022,1672444800,3661065.381430227,3661065.381430227,1345071.79227,820446.8621842269,1495546.726976,,,,,1345071.79227,820446.8621842269,1495546.726976,,,,,1345071.79227,684.7442472618695,1495546.726976,,,,,1345071.79227,684.7442472618695,1495546.726976,,,,
,01/01/2023,1672531200,3638091.220179904,3638091.220179904,1346458.2852901178,804479.5487363508,1487153.3861534349,,,,,1346458.2852901178,804479.5487363508,1487153.3861534349,,,,,1345113.172118,672.9005710694338,1485667.718435,,,,,1345113.172118,672.9005710694338,1485667.718435,,,,
,02/01/2023,1672617600,3648956.198387305,3648956.198387305,1345065.050655,818725.0837625066,1485166.0639697982,,,,,1345065.050655,818725.0837625066,1485166.0639697982,,,,,1345065.050655,683.5868077403222,1485311.624509,,,,,1345065.050655,683.5868077403222,1485311.624509,,,,
,03/01/2023,1672704000,3643143.1539371507,3643143.1539371507,1345305.562163,812422.8060981503,1485414.785676,,,,,1345305.562163,812422.8060981503,1485414.785676,,,,,1345305.562163,667.9295964895632,1485414.785676,,,,,1345305.562163,667.9295964895632,1485414.785676,,,,
,04/01/2023,1672790400,3711884.81501144,3711884.81501144,1345328.831831,879988.98964244,1486566.993538,,,,,1345328.831831,879988.98964244,1486566.993538,,,,,1345328.831831,725.2078732538671,1486566.993538,,,,,1345328.831831,725.2078732538671,1486566.993538,,,,
,05/01/2023,1672876800,3686520.5891912268,3686520.5891912268,1347337.4376562098,865043.5272857251,1474139.6242492918,,,,,1347337.4376562098,865043.5272857251,1474139.6242492918,,,,,1345991.44621,689.1788646136213,1472666.957292,,,,,1345991.44621,689.1788646136213,1472666.957292,,,,
,06/01/2023,1672963200,3685831.103804975,3685831.103804975,1346357.292775,864927.0675211356,1474546.743508839,,,,,1346357.292775,864927.0675211356,1474546.743508839,,,,,1346357.292775,689.1190225007454,1473073.669839,,,,,1346357.292775,689.1190225007454,1473073.669839,,,,
,07/01/2023,1673049600,3754789.394517511,3754789.394517511,1346399.523724,925191.4651635113,1483198.40563,,,,,1346399.523724,925191.4651635113,1483198.40563,,,,,1346399.523724,728.7324767551031,1483198.40563,,,,,1346399.523724,728.7324767551031,1483198.40563,,,,
,08/01/2023,1673136000,3720111.425336618,3720111.425336618,1348966.3917399668,880321.9717555386,1490823.0618411128,,,,,1348966.3917399668,880321.9717555386,1490823.0618411128,,,,,1347618.772967,697.4891427630581,1489333.728113,,,,,1347618.772967,697.4891427630581,1489333.728113,,,,
,09/01/2023,1673222400,3738589.736885498,3738589.736885498,1346751.6494773885,902958.9705901094,1488879.116818,,,,,1346751.6494773885,902958.9705901094,1488879.116818,,,,,1347612.77404,699.3501638785176,1488879.116818,,,,,1347612.77404,699.3501638785176,1488879.116818,,,,
,10/01/2023,1673308800,3606570.393456793,3606570.393456793,1347673.603791,751949.7744231239,1506947.0152426688,,,,,1347673.603791,751949.7744231239,1506947.0152426688,,,,,1347673.603791,567.5263965879151,1505441.573669,,,,,1347673.603791,567.5263965879151,1505441.573669,,,,
,11/01/2023,1673395200,3622915.0556395426,3622915.0556395426,1346927.7842715678,764905.1414017971,1511082.1299661773,,,,,1346927.7842715678,764905.1414017971,1511082.1299661773,,,,,1347609.674767,571.9301795274426,1512835.506318,,,,,1347609.674767,571.9301795274426,1512835.506318,,,,
,12/01/2023,1673481600,3641984.729598352,3641984.729598352,1350328.347070818,768268.9530158383,1523387.429511696,,,,,1350328.347070818,768268.9530158383,1523387.429511696,,,,,1347633.080909,545.8432763400367,1511297.053087,,,,,1347633.080909,545.8432763400367,1511297.053087,,,,
,13/01/2023,1673568000,3634677.843886592,3634677.843886592,1342007.7540140778,779829.6020528533,1512840.4878196607,,,,,1342007.7540140778,779829.6020528533,1512840.4878196607,,,,,1342062.778588,553.6910879232425,1511329.158661,,,,,1342062.778588,553.6910879232425,1511329.158661,,,,
,14/01/2023,1673654400,3750189.837383911,3750189.837383911,1346062.754088468,889691.2439838727,1514435.8393115702,,,,,1346062.754088468,889691.2439838727,1514435.8393115702,,,,,1342036.644156,576.9011885590444,1511413.013285,,,,,1342036.644156,576.9011885590444,1511413.013285,,,,
,15/01/2023,1673740800,3705888.443266798,3705888.443266798,1343405.5929854559,859679.0270387157,1502803.8232426262,,,,,1343405.5929854559,859679.0270387157,1502803.8232426262,,,,,1342063.529456,562.1719888299943,1499804.214813,,,,,1342063.529456,562.1719888299943,1499804.214813,,,,
,16/01/2023,1673827200,3991592.1984563586,3991592.1984563586,1344004.6892070058,1138816.3449882888,1508771.164261064,,,,,1344004.6892070058,1138816.3449882888,1508771.164261064,,,,,1339984.735002,736.4496915260929,1502760.123766,,,,,1339984.735002,736.4496915260929,1502760.123766,,,,
,17/01/2023,1673913600,4163758.4755057083,4163758.4755057083,1337656.8901460539,1323618.0697446542,1502483.515615,,,,,1337656.8901460539,1323618.0697446542,1502483.515615,,,,,1339988.470084,845.0441923123826,1502483.515615,,,,,1339988.470084,845.0441923123826,1502483.515615,,,,
,18/01/2023,1674000000,4350604.189990589,4350604.189990589,1340247.0753031417,1513542.90538279,1496814.2093046573,,,,,1340247.0753031417,1513542.90538279,1496814.2093046573,,,,,1340422.670673,963.0953748442865,1497447.629652,,,,,1340422.670673,963.0953748442865,1497447.629652,,,,
,19/01/2023,1674086400,4281926.663991502,4281926.663991502,1341871.1579960582,1445923.6769022672,1494131.8290931766,,,,,1341871.1579960582,1445923.6769022672,1494131.8290931766,,,,,1342079.180269,952.7448386325261,1494400.821241,,,,,1342079.180269,952.7448386325261,1494400.821241,,,,
,20/01/2023,1674172800,4242449.203167381,4242449.203167381,1342319.877231,1405676.40990343,1494452.916032951,,,,,1342319.877231,1405676.40990343,1494452.916032951,,,,,1342319.877231,907.1806453071506,1494736.916047,,,,,1342319.877231,907.1806453071506,1494736.916047,,,,
,21/01/2023,1674259200,4828274.873935654,4828274.873935654,1341793.6179876989,1988868.3254788239,1497612.930469131,,,,,1341793.6179876989,1988868.3254788239,1497612.930469131,,,,,1342378.895186,1201.8420554605095,1499170.56869,,,,,1342378.895186,1201.8420554605095,1499170.56869,,,,
,22/01/2023,1674345600,4788656.2956135105,4788656.2956135105,1345191.856041714,1933656.6384654334,1509807.801106362,,,,,1345191.856041714,1933656.6384654334,1509807.801106362,,,,,1342506.842357,1182.9467814741336,1506794.212681,,,,,1342506.842357,1182.9467814741336,1506794.212681,,,,
,23/01/2023,1674432000,4785734.7462710915,4785734.7462710915,1344043.7466255797,1923168.4518162247,1518522.547829287,,,,,1344043.7466255797,1923168.4518162247,1518522.547829287,,,,,1342701.04558,1174.3536136246212,1517005.542287,,,,,1342701.04558,1174.3536136246212,1517005.542287,,,,
,24/01/2023,1674518400,4778235.406954147,4778235.406954147,1343206.2933874393,1913544.4456487081,1521484.667918,,,,,1343206.2933874393,1913544.4456487081,1521484.667918,,,,,1343227.785032,1175.1359930535682,1521484.667918,,,,,1343227.785032,1175.1359930535682,1521484.667918,,,,
,25/01/2023,1674604800,4677491.744700623,4677491.744700623,1343854.404312,1842824.456039492,1490812.8843491306,,,,,1343854.404312,1842824.456039492,1490812.8843491306,,,,,1343854.404312,1189.7249466022095,1492140.889741,,,,,1343854.404312,1189.7249466022095,1492140.889741,,,,
,26/01/2023,1674691200,4873396.368467919,4873396.368467919,1343290.5473836516,2025906.5529399568,1504199.2681443105,,,,,1343290.5473836516,2025906.5529399568,1504199.2681443105,,,,,1344545.007876,1252.5698979472959,1509618.799635,,,,,1344545.007876,1252.5698979472959,1509618.799635,,,,
,27/01/2023,1674777600,4808379.40173755,4808379.40173755,1346036.365388715,1932741.28865221,1509626.483083,19975.264613625222,,,,1346036.365388715,1932741.28865221,1509626.483083,19975.264613625222,,,,1344691.673715,1212.662372099517,1509626.483083,20015.77654535302,,,,1344691.673715,1212.662372099517,1509626.483083,20015.77654535302,,,
,28/01/2023,1674864000,4831588.404877991,4831588.404877991,1344700.723924,1953538.866951289,1513272.978563,20075.835439702183,,,,1344700.723924,1953538.866951289,1513272.978563,20075.835439702183,,,,1344700.723924,1217.7955234834985,1513272.978563,20015.788075475757,,,,1344700.723924,1217.7955234834985,1513272.978563,20015.788075475757,,,
,29/01/2023,1674950400,4861959.478743524,4861959.478743524,1347519.466591956,1978867.371753285,1515657.2483182128,19915.39208006946,,,,1347519.466591956,1978867.371753285,1515657.2483182128,19915.39208006946,,,,1344829.806978,1246.3971554247953,1514143.105213,20015.831522650118,,,,1344829.806978,1246.3971554247953,1514143.105213,20015.831522650118,,,
,30/01/2023,1675036800,4909618.114473304,4909618.114473304,1343680.5702278386,2038651.732921477,1507270.461590005,20015.349733982803,,,,1343680.5702278386,2038651.732921477,1507270.461590005,20015.349733982803,,,,1344900.394886,1239.2944315970585,1507704.680538,20039.03587438633,,,,1344900.394886,1239.2944315970585,1507704.680538,20039.03587438633,,,
,31/01/2023,1675123200,4849983.485907632,4849983.485907632,1351143.4625506962,1963768.552791809,1515011.921218796,20059.549346330386,,,,1351143.4625506962,1963768.552791809,1515011.921218796,20059.549346330386,,,,1351411.041937,1250.2823989862916,1513498.422796,20039.509836493893,,,,1351411.041937,1250.2823989862916,1513498.422796,20039.509836493893,,,
,01/02/2023,1675209600,4812299.536333637,4812299.536333637,1352908.553082086,1918096.6091056657,1521249.9799166669,20044.394229218964,,,,1352908.553082086,1918096.6091056657,1521249.9799166669,20044.394229218964,,,,1351556.996086,1209.3925656403944,1519730.249667,20045.035670360416,,,,1351556.996086,1209.3925656403944,1519730.249667,20045.035670360416,,,
,02/02/2023,1675296000,7024449.975759838,7024449.975759838,2356288.149658398,2125656.342506157,2522379.738585274,20125.745010009563,,,,2356288.149658398,2125656.342506157,2522379.738585274,20125.745010009563,,,,2351584.979699,1263.6093843849203,2525402.645552,20045.56275897367,,,,2351584.979699,1263.6093843849203,2525402.645552,20045.56275897367,,,
,03/02/2023,1675382400,7045496.676945182,7045496.676945182,2357156.00211483,2106117.104181968,2562122.399492656,20101.171155726777,,,,2357156.00211483,2106117.104181968,2562122.399492656,20101.171155726777,,,,2352451.099915,1277.9914345244622,2559562.836656,20081.09006566112,,,,2352451.099915,1277.9914345244622,2559562.836656,20081.09006566112,,,
,04/02/2023,1675468800,8142220.9158371445,8142220.9158371445,2857005.51269,2180906.8954635053,3084237.0276394854,20071.480044154647,,,,2857005.51269,2180906.8954635053,3084237.0276394854,20071.480044154647,,,,2857005.51269,1312.3209971077795,3084594.840641,20087.65060288997,,,,2857005.51269,1312.3209971077795,3084594.840641,20087.65060288997,,,
,05/02/2023,1675555200,8122961.796055763,8122961.796055763,2850673.7911903514,2191290.1250124066,3060936.4639581754,20061.415894828602,,,,2850673.7911903514,2191290.1250124066,3060936.4639581754,20061.415894828602,,,,2852194.010598,1317.0393827457665,3062277.741609,20088.213571733293,,,,2852194.010598,1317.0393827457665,3062277.741609,20088.213571733293,,,
,06/02/2023,1675641600,8143054.81698405,8143054.81698405,2851592.660909,2202075.9092208953,3069275.862837487,20110.384016667158,,,,2851592.660909,2202075.9092208953,3069275.862837487,20110.384016667158,,,,2851592.660909,1347.6679228274932,3069622.730206,20141.82540612612,,,,2851592.660909,1347.6679228274932,3069622.730206,20141.82540612612,,,
,07/02/2023,1675728000,8123664.923973097,8123664.923973097,2844597.1509625665,2174467.632851883,3084437.609461208,20162.53069743864,,,,2844597.1509625665,2174467.632851883,3084437.609461208,20162.53069743864,,,,2841755.395567,1340.6006330737066,3081356.253208,20142.388309129514,,,,2841755.395567,1340.6006330737066,3081356.253208,20142.388309129514,,,
,08/02/2023,1675814400,8216324.788259225,8216324.788259225,2838358.278583194,2281197.390344685,3076627.056753908,20142.062577437344,,,,2838358.278583194,2281197.390344685,3076627.056753908,20142.062577437344,,,,2840883.824303,1355.773508745311,3081242.758406,20142.96901104284,,,,2840883.824303,1355.773508745311,3081242.758406,20142.96901104284,,,
,09/02/2023,1675900800,8181440.430535385,8181440.430535385,2840890.470445,2234583.8342218623,3085792.454772,20173.671096522598,,,,2840890.470445,2234583.8342218623,3085792.454772,20173.671096522598,,,,2840890.470445,1353.9649989226018,3085792.454772,20153.517578943654,,,,2840890.470445,1353.9649989226018,3085792.454772,20153.517578943654,,,
,10/02/2023,1675987200,7943638.251133656,7943638.251133656,2840706.089161,2004416.515153157,3078565.000985,19950.64583449921,,,,2840706.089161,2004416.515153157,3078565.000985,19950.64583449921,,,,2840706.089161,1293.823030397979,3078565.000985,20066.065845241035,,,,2840706.089161,1293.823030397979,3078565.000985,20066.065845241035,,,
,11/02/2023,1676073600,8276611.084589029,8276611.084589029,2843771.855963038,2326872.459207281,3085739.598439,20227.170979709997,,,,2843771.855963038,2326872.459207281,3085739.598439,20227.170979709997,,,,2840930.925038,1535.1091915048332,3085739.598439,20066.637876696426,,,,2840930.925038,1535.1091915048332,3085739.598439,20066.637876696426,,,
,12/02/2023,1676160000,8601891.249454852,8601891.249454852,2841114.894658,2645366.8807389666,3095359.102366,20050.371691884993,,,,2841114.894658,2645366.8807389666,3095359.102366,20050.371691884993,,,,2841114.894658,1722.2889142549068,3095359.102366,20067.208079463664,,,,2841114.894658,1722.2889142549068,3095359.102366,20067.208079463664,,,
,13/02/2023,1676246400,8779923.761575181,8779923.761575181,2837324.0001811287,2831682.9875999466,3090930.7106941766,19986.063099927844,,,,2837324.0001811287,2831682.9875999466,3090930.7106941766,19986.063099927844,,,,2841905.151285,1871.2963003396378,3105046.250951,20067.77909640842,,,,2841905.151285,1871.2963003396378,3105046.250951,20067.77909640842,,,
,14/02/2023,1676332800,8912287.143158548,8912287.143158548,2842309.147435,2945910.557792985,3103978.988637053,20088.449293509075,,,,2842309.147435,2945910.557792985,3103978.988637053,20088.449293509075,,,,2842309.147435,1958.9906554724962,3104301.836028,20068.38091259648,,,,2842309.147435,1958.9906554724962,3104301.836028,20068.38091259648,,,
,15/02/2023,1676419200,8777163.241008064,8777163.241008064,2692192.896487,3112831.085600315,2952046.610396,20092.648524748398,,,,2692192.896487,3112831.085600315,2952046.610396,20092.648524748398,,,,2692192.896487,2007.708189675392,2952046.610396,20119.165584989416,,,,2692192.896487,2007.708189675392,2952046.610396,20119.165584989416,,,
,16/02/2023,1676505600,9330628.29122848,9330628.29122848,2614241.2939439425,3663629.1400240064,3032544.2450813507,20213.612179180047,,,,2614241.2939439425,3663629.1400240064,3032544.2450813507,20213.612179180047,,,,2614986.565115,2159.8657847249524,3029514.730351,20133.079859741083,,,,2614986.565115,2159.8657847249524,3029514.730351,20133.079859741083,,,
,17/02/2023,1676592000,9110666.303391084,9110666.303391084,2488961.910403086,3611874.2781404136,2988469.885885566,21360.22896201944,,,,2488961.910403086,3611874.2781404136,2988469.885885566,21360.22896201944,,,,2490189.573863,2185.4782129163195,2992201.160733,21360.22896201944,,,,2490189.573863,2185.4782129163195,2992201.160733,21360.22896201944,,,
,18/02/2023,1676678400,9628320.82781385,9628320.82781385,2532031.951666217,3830587.017884417,3242899.985249,22801.873014218138,,,,2532031.951666217,3830587.017884417,3242899.985249,22801.873014218138,,,,2529502.449217,2255.5287420343852,3242899.985249,22801.873014218138,,,,2529502.449217,2255.5287420343852,3242899.985249,22801.873014218138,,,
,19/02/2023,1676764800,9677355.470631914,9677355.470631914,2560505.1322794924,3870298.0543778585,3223111.0234210645,23441.260553499193,,,,2560505.1322794924,3870298.0543778585,3223111.0234210645,23441.260553499193,,,,2561081.375589,2280.764707075635,3224594.336816,23463.66835677992,,,,2561081.375589,2280.764707075635,3224594.336816,23463.66835677992,,,
,20/02/2023,1676851200,9613951.686233588,9613951.686233588,2558653.592031,3924916.7060145307,3106166.027724245,24215.360463810986,,,,2558653.592031,3924916.7060145307,3106166.027724245,24215.360463810986,,,,2558653.592031,2349.124195603621,3108254.774933,24227.522680196445,,,,2558653.592031,2349.124195603621,3108254.774933,24227.522680196445,,,
,21/02/2023,1676937600,9696525.148299603,9696525.148299603,2492906.273292833,4113756.5897777597,3065647.3719513863,24214.91327762209,,,,2492906.273292833,4113756.5897777597,3065647.3719513863,24214.91327762209,,,,2494168.322464,2410.385420686807,3070080.568292,24229.64490172234,,,,2494168.322464,2410.385420686807,3070080.568292,24229.64490172234,,,
,22/02/2023,1677024000,9643701.184008589,9643701.184008589,2544646.9223619513,4037024.041040854,3039288.7639242476,22741.45668153536,,,,2544646.9223619513,4037024.041040854,3039288.7639242476,22741.45668153536,,,,2545318.886548,2450.661705704328,3030198.169416,22799.389931350925,,,,2545318.886548,2450.661705704328,3030198.169416,22799.389931350925,,,
,23/02/2023,1677110400,9685252.780342015,9685252.780342015,2506251.4797657765,4072713.0689178933,3082734.850258361,23553.381399984115,,,,2506251.4797657765,4072713.0689178933,3082734.850258361,23553.381399984115,,,,2508079.869991,2484.95260314097,3083410.117074,23637.768232574406,,,,2508079.869991,2484.95260314097,3083410.117074,23637.768232574406,,,
,24/02/2023,1677196800,9718560.892368753,9718560.892368753,2542260.948755,4039248.371163402,3110301.45542,26750.11703035169,,,,2542260.948755,4039248.371163402,3110301.45542,26750.11703035169,,,,2542260.948755,2439.3806028102804,3110301.45542,26754.13014987417,,,,2542260.948755,2439.3806028102804,3110301.45542,26754.13014987417,,,
,25/02/2023,1677283200,9573712.122698952,9573712.122698952,2540882.023186987,3899613.677325848,3106504.295768949,26712.12641716841,,,,2540882.023186987,3899613.677325848,3106504.295768949,26712.12641716841,,,,2541868.268075,2431.7566987976256,3108201.373719,26756.059867470798,,,,2541868.268075,2431.7566987976256,3108201.373719,26756.059867470798,,,
,26/02/2023,1677369600,9592279.55246718,9592279.55246718,2526994.4061572207,3937561.232802406,3102314.526901,25409.38660655381,,,,2526994.4061572207,3937561.232802406,3102314.526901,25409.38660655381,,,,2524469.936221,2474.5237882421293,3102314.526901,25358.669268017773,,,,2524469.936221,2474.5237882421293,3102314.526901,25358.669268017773,,,
,27/02/2023,1677456000,9683545.349791005,9683545.349791005,2513054.7529927837,4031631.69812251,3113502.407234219,25356.49144149333,,,,2513054.7529927837,4031631.69812251,3113502.407234219,25356.49144149333,,,,2510544.208784,2460.9380119777265,3110392.015219,25375.39611159647,,,,2510544.208784,2460.9380119777265,3110392.015219,25375.39611159647,,,
,28/02/2023,1677542400,9738931.148071889,9738931.148071889,2508321.361413,4058565.147923155,3136735.1423538127,35309.49638192156,,,,2508321.361413,4058565.147923155,3136735.1423538127,35309.49638192156,,,,2508321.361413,2491.048173970487,3133601.540813,35274.222159761805,,,,2508321.361413,2491.048173970487,3133601.540813,35274.222159761805,,,
,01/03/2023,1677628800,9923540.712698212,9923540.712698212,2492797.510996,4268489.94137487,3130048.508143,32204.752184343368,,,,2492797.510996,4268489.94137487,3130048.508143,32204.752184343368,,,,2492797.510996,2586.587369943081,3130048.508143,32263.53634756864,,,,2492797.510996,2586.587369943081,3130048.508143,32263.53634756864,,,
,02/03/2023,1677715200,9979892.022264402,9979892.022264402,2493211.179128,4306021.667263497,3148443.574924,32215.600948905358,,,,2493211.179128,4306021.667263497,3148443.574924,32215.600948905358,,,,2493211.179128,2589.0915180102074,3148443.574924,32267.390110031956,,,,2493211.179128,2589.0915180102074,3148443.574924,32267.390110031956,,,
,03/03/2023,1677801600,9710581.867995042,9710581.867995042,2516899.8080619,4011638.9587031286,3150606.425465,31436.67576501309,,,,2516899.8080619,4011638.9587031286,3150606.425465,31436.67576501309,,,,2511876.05595,2562.8726681337826,3150606.425465,31455.423197238644,,,,2511876.05595,2562.8726681337826,3150606.425465,31455.423197238644,,,
,04/03/2023,1677888000,9761830.667932693,9761830.667932693,2511729.471377126,4077866.444369122,3140674.8767734338,31559.875413009755,,,,2511729.471377126,4077866.444369122,3140674.8767734338,31559.875413009755,,,,2509220.251126,2587.08473606121,3137537.339434,31465.478976081515,,,,2509220.251126,2587.08473606121,3137537.339434,31465.478976081515,,,
,05/03/2023,1677974400,9725811.685389621,9725811.685389621,2491613.3228706717,4052013.4226056943,3150726.3622551337,31458.57765812302,,,,2491613.3228706717,4052013.4226056943,3150726.3622551337,31458.57765812302,,,,2489124.198672,2583.9944791251273,3154837.115016,31468.332841303825,,,,2489124.198672,2583.9944791251273,3154837.115016,31468.332841303825,,,
,06/03/2023,1678060800,9762234.06444851,9762234.06444851,2514825.797551,4065879.878660419,3150061.643445,31466.74479209112,,,,2514825.797551,4065879.878660419,3150061.643445,31466.74479209112,,,,2514825.797551,2591.8455037612953,3150061.643445,31471.43403576245,,,,2514825.797551,2591.8455037612953,3150061.643445,31471.43403576245,,,
,07/03/2023,1678147200,9251072.121726852,9251072.121726852,2465034.976785,3621309.2986055817,3133268.94633,31458.900006270374,,,,2465034.976785,3621309.2986055817,3133268.94633,31458.900006270374,,,,2465034.976785,2297.726770009379,3133268.94633,31474.574344293833,,,,2465034.976785,2297.726770009379,3133268.94633,31474.574344293833,,,
,08/03/2023,1678233600,9247008.859405067,9247008.859405067,2468930.271652236,3547640.9721736466,3198928.9038404156,31508.711738768274,,,,2468930.271652236,3547640.9721736466,3198928.9038404156,31508.711738768274,,,,2464002.267118,2260.1621850702363,3192543.816208,31477.23450426401,,,,2464002.267118,2260.1621850702363,3192543.816208,31477.23450426401,,,
,09/03/2023,1678320000,9215803.873073101,9215803.873073101,2463414.1876490037,3537671.0850792746,3183256.719447,31461.880897823277,,,,2463414.1876490037,3537671.0850792746,3183256.719447,31461.880897823277,,,,2464187.942663,2304.221380237918,3183256.719447,31481.714377881344,,,,2464187.942663,2304.221380237918,3183256.719447,31481.714377881344,,,
,10/03/2023,1678406400,9079567.81067072,9079567.81067072,2463690.466981,3397286.817739275,3186977.218690434,31613.307260011396,,,,2463690.466981,3397286.817739275,3186977.218690434,31613.307260011396,,,,2463690.466981,2381.7376858638063,3180615.986717,31637.256663305518,,,,2463690.466981,2381.7376858638063,3180615.986717,31637.256663305518,,,
,11/03/2023,1678492800,8358141.389572463,8358141.389572463,2245222.1928729,3277581.6542673344,2803915.8967337343,31421.645698494536,,,,2245222.1928729,3277581.6542673344,2803915.8967337343,31421.645698494536,,,,2240740.71145,2277.6484373166004,2827785.231876,31641.14028867709,,,,2240740.71145,2277.6484373166004,2827785.231876,31641.14028867709,,,
,12/03/2023,1678579200,7899581.850344762,7899581.850344762,2233112.61326532,3145933.510144171,2490111.027511299,30424.699423972626,,,,2233112.61326532,3145933.510144171,2490111.027511299,30424.699423972626,,,,2228655.30266,2147.0578067226106,2586260.431576,31643.611332500546,,,,2228655.30266,2147.0578067226106,2586260.431576,31643.611332500546,,,
,13/03/2023,1678665600,8351604.031395824,8351604.031395824,2237538.247148702,3514681.9828767898,2567960.9318546723,31422.869515659037,,,,2237538.247148702,3514681.9828767898,2567960.9318546723,31422.869515659037,,,,2224193.088617,2183.412011329169,2585927.959316,31645.559316569736,,,,2224193.088617,2183.412011329169,2585927.959316,31645.559316569736,,,
,14/03/2023,1678752000,8509949.981603704,8509949.981603704,2344556.5788279604,3528061.317594613,2605763.7421040954,31568.34307703645,,,,2344556.5788279604,3528061.317594613,2605763.7421040954,31568.34307703645,,,,2337543.946987,2109.1132179526253,2608651.519336,31647.207919171025,,,,2337543.946987,2109.1132179526253,2608651.519336,31647.207919171025,,,
,15/03/2023,1678838400,8151240.3199834,8151240.3199834,2347701.26151769,3186615.1529542417,2568445.513650016,48478.39186145173,,,,2347701.26151769,3186615.1529542417,2568445.513650016,48478.39186145173,,,,2333699.067115,1853.6423806238356,2565879.634016,48478.82817090527,,,,2333699.067115,1853.6423806238356,2565879.634016,48478.82817090527,,,
,16/03/2023,1678924800,7989911.359423573,7989911.359423573,2347051.130606344,3059510.2995663495,2550667.1704979865,32682.758752892856,,,,2347051.130606344,3059510.2995663495,2550667.1704979865,32682.758752892856,,,,2333052.813724,1846.604841514428,2543038.056329,32650.108644248612,,,,2333052.813724,1846.604841514428,2543038.056329,32650.108644248612,,,
,17/03/2023,1679011200,7611745.954127311,7611745.954127311,2055685.739871434,3090294.832713074,2434082.0566613483,31683.32488145484,,,,2055685.739871434,3090294.832713074,2434082.0566613483,31683.32488145484,,,,2043425.188739,1843.0925410857546,2424384.518587,31651.673208246597,,,,2043425.188739,1843.0925410857546,2424384.518587,31651.673208246597,,,
,18/03/2023,1679097600,7786234.302864958,7786234.302864958,2044731.4772893698,3272121.107406906,2437601.714170224,31780.0039984578,,,,2044731.4772893698,3272121.107406906,2437601.714170224,31780.0039984578,,,,2026493.03993,1815.636035826914,2427890.153556,31653.390436710957,,,,2026493.03993,1815.636035826914,2427890.153556,31653.390436710957,,,
,19/03/2023,1679184000,7793418.497883547,7793418.497883547,2040288.6859044482,3282785.619368842,2438530.837045988,31813.355564269525,,,,2040288.6859044482,3282785.619368842,2438530.837045988,31813.355564269525,,,,2024095.918556,1830.3692866885835,2428815.574747,31655.080163452265,,,,2024095.918556,1830.3692866885835,2428815.574747,31655.080163452265,,,
,20/03/2023,1679270400,7829187.969215483,7829187.969215483,2015892.345839924,3325781.3215135727,2455430.416637344,32083.885224643338,,,,2015892.345839924,3325781.3215135727,2455430.416637344,32083.885224643338,,,,2007860.902231,1860.3063730666156,2445647.825336,31956.060980720456,,,,2007860.902231,1860.3063730666156,2445647.825336,31956.060980720456,,,
,21/03/2023,1679356800,7994976.5907577025,7994976.5907577025,2025304.7630129857,3448106.760942252,2489445.2871903847,32119.779612080485,,,,2025304.7630129857,3448106.760942252,2489445.2871903847,32119.779612080485,,,,2007239.606554,1952.3295082197162,2472140.305055,31959.979713512923,,,,2007239.606554,1952.3295082197162,2472140.305055,31959.979713512923,,,
,22/03/2023,1679443200,7906688.706040492,7906688.706040492,2047287.7440633117,3334899.8059356594,2492437.4641798898,32063.691861630985,,,,2047287.7440633117,3334899.8059356594,2492437.4641798898,32063.691861630985,,,,2033056.349616,1851.7345226632792,2484982.51663,31967.788496142563,,,,2033056.349616,1851.7345226632792,2484982.51663,31967.788496142563,,,
,23/03/2023,1679529600,7873309.880761921,7873309.880761921,2094777.9126540828,3247614.7521390747,2488615.5198766794,42301.69609208474,,,,2094777.9126540828,3247614.7521390747,2488615.5198766794,42301.69609208474,,,,2080216.397869,1852.7413625306351,2476234.348136,42133.163438331416,,,,2080216.397869,1852.7413625306351,2476234.348136,42133.163438331416,,,
,24/03/2023,1679616000,8043916.068588388,8043916.068588388,1939380.4542232337,3389039.2634003023,2519131.0117161404,63292.48888592146,133072.85036279054,,,1939380.4542232337,3389039.2634003023,2519131.0117161404,63292.48888592146,133072.85036279054,,,1933579.715078,1863.5532271706666,2511596.223047,63229.25962629518,94377.90805871671,,,1933579.715078,1863.5532271706666,2511596.223047,63229.25962629518,94377.90805871671,,
,25/03/2023,1679702400,8083105.805104667,8083105.805104667,1967102.194421444,3295046.624741727,2523850.6633891347,102063.84526723331,195042.47728512823,,,1967102.194421444,3295046.624741727,2523850.6633891347,102063.84526723331,195042.47728512823,,,1955369.974574,1864.8638723770464,2511294.192427,101657.2164016268,150032.674834714,,,1955369.974574,1864.8638723770464,2511294.192427,101657.2164016268,150032.674834714,,
,26/03/2023,1679788800,8351807.304464318,8351807.304464318,1974933.9260874721,3462646.7453716486,2554758.318867302,102273.8961898386,257194.41794805595,,,1974933.9260874721,3462646.7453716486,2554758.318867302,102273.8961898386,257194.41794805595,,,1959259.847309,1962.1619106661426,2539521.191717,101663.91271355726,209101.15280329753,,,1959259.847309,1962.1619106661426,2539521.191717,101663.91271355726,209101.15280329753,,
,27/03/2023,1679875200,8468420.420719273,8468420.420719273,1962209.6966007599,3530580.514956662,2545156.8797564907,112227.13271929898,318246.19668606145,,,1962209.6966007599,3530580.514956662,2545156.8797564907,112227.13271929898,318246.19668606145,,,1958293.11038,1996.9911563995938,2542614.265491,112115.0177015974,246702.47805121043,,,1958293.11038,1996.9911563995938,2542614.265491,112115.0177015974,246702.47805121043,,
,28/03/2023,1679961600,8301552.409036037,8301552.409036037,1956067.769244,3399564.366805646,2540533.696137321,112261.29570463322,293125.28114443616,,,1956067.769244,3399564.366805646,2540533.696137321,112261.29570463322,293125.28114443616,,,1956067.769244,1988.2469992956294,2541669.822548,112324.98397054452,252694.20788313466,,,1956067.769244,1988.2469992956294,2541669.822548,112324.98397054452,252694.20788313466,,
,29/03/2023,1680048000,8598768.09274591,8598768.09274591,1969886.0030877958,3517744.016642963,2570949.6479426757,146059.53936761065,394128.8857048648,,,1969886.0030877958,3517744.016642963,2570949.6479426757,146059.53936761065,394128.8857048648,,,1965954.094898,1979.1961204499726,2568381.266676,146059.53936761065,317845.87556843937,,,1965954.094898,1979.1961204499726,2568381.266676,146059.53936761065,317845.87556843937,,
,30/03/2023,1680134400,9463540.576376805,9463540.576376805,1974647.7329650011,4071453.2316831774,2614386.491404,255225.3722076029,547827.7481170242,,,1974647.7329650011,4071453.2316831774,2614386.491404,255225.3722076029,547827.7481170242,,,1975854.980358,2228.9791041734247,2614386.491404,255225.3722076029,418189.1207000185,,,1975854.980358,2228.9791041734247,2614386.491404,255225.3722076029,418189.1207000185,,
,31/03/2023,1680220800,9565595.798779003,9565595.798779003,1989939.9851672093,4097309.6237087036,2644086.5190189444,278399.8823873125,555859.7884968339,,,1989939.9851672093,4097309.6237087036,2644086.5190189444,278399.8823873125,555859.7884968339,,,1990608.829734,2270.2543377634415,2641445.073945,278672.4240180021,394226.8003523645,,,1990608.829734,2270.2543377634415,2641445.073945,278672.4240180021,394226.8003523645,,
,01/04/2023,1680307200,9984570.010090875,9984570.010090875,2030726.7000710687,4267713.743303124,2789963.7603767924,277093.67525412614,619072.131085763,,,2030726.7000710687,4267713.743303124,2789963.7603767924,277093.67525412614,619072.131085763,,,2028698.002069,2339.755341723204,2787176.583793,277172.6694649236,445375.63387464965,,,2028698.002069,2339.755341723204,2787176.583793,277172.6694649236,445375.63387464965,,
,02/04/2023,1680393600,10063101.41469535,10063101.41469535,2071675.412963156,4268610.923935508,2840372.6152601796,295962.9943767652,586479.4681597409,,,2071675.412963156,4268610.923935508,2840372.6152601796,295962.9943767652,586479.4681597409,,,2069605.807156,2350.7120095686437,2837535.08018,296350.0275126968,458187.08449979755,,,2069605.807156,2350.7120095686437,2837535.08018,296350.0275126968,458187.08449979755,,
,03/04/2023,1680480000,10404170.23254707,10404170.23254707,2118057.1486554476,4379483.578260266,3120700.97136798,286270.3979234236,499658.1363399535,,,2118057.1486554476,4379483.578260266,3120700.97136798,286270.3979234236,499658.1363399535,,,2115941.207448,2464.107881157629,3117583.38798,286276.40972802794,416381.7802832946,,,2115941.207448,2464.107881157629,3117583.38798,286276.40972802794,416381.7802832946,,
,04/04/2023,1680566400,10759750.100874897,10759750.100874897,2100453.16449969,4348128.03267445,3213453.2529869764,545767.7172540986,551947.9334596818,,,2100453.16449969,4348128.03267445,3213453.2529869764,545767.7172540986,551947.9334596818,,,2098354.80969,2407.1215221076923,3210243.009977,545767.7172540986,471750.37047836056,,,2098354.80969,2407.1215221076923,3210243.009977,545767.7172540986,471750.37047836056,,
,05/04/2023,1680652800,5801579.426233404,5801579.426233404,1708636.292326964,1504832.6180905895,1791764.0107497498,372659.77411532524,423686.7309507756,,,1708636.292326964,1504832.6180905895,1791764.0107497498,372659.77411532524,423686.7309507756,,,1706929.362964,788.497976447534,1796083.591788,371915.9422308635,336259.3102783933,,,1706929.362964,788.497976447534,1796083.591788,371915.9422308635,336259.3102783933,,
,06/04/2023,1680739200,3280619.347769916,3280619.347769916,1162171.689147469,597056.9408501778,1049954.456218644,263895.14921674744,207541.11233687785,,,1162171.689147469,597056.9408501778,1049954.456218644,263895.14921674744,207541.11233687785,,,1161010.678469,314.6429069020789,1050523.84014,264171.737025413,168732.61165599825,,,1161010.678469,314.6429069020789,1050523.84014,264171.737025413,168732.61165599825,,
,07/04/2023,1680825600,3151845.5504433205,3151845.5504433205,1143612.414232446,569186.6904371345,1020485.9965229928,240385.69918375008,178174.75006699702,,,1143612.414232446,569186.6904371345,1020485.9965229928,240385.69918375008,178174.75006699702,,,1141329.754723,304.0608405337399,1019466.529993,240145.55363011998,148478.95838916418,,,1141329.754723,304.0608405337399,1019466.529993,240145.55363011998,148478.95838916418,,
,08/04/2023,1680912000,4146774.156582876,4146774.156582876,1140712.333892131,1568747.4163212315,1020636.9885812099,239987.1137476749,176690.30404062875,,,1140712.333892131,1568747.4163212315,1020636.9885812099,239987.1137476749,176690.30404062875,,,1139572.761131,844.2841084997588,1019617.37121,240180.69939138438,148479.24709296535,,,1139572.761131,844.2841084997588,1019617.37121,240180.69939138438,148479.24709296535,,
,09/04/2023,1680998400,3475730.2676486513,3475730.2676486513,865134.1964054789,1579393.1212091045,636430.912123006,195782.47560249275,198989.56230856926,,,865134.1964054789,1579393.1212091045,636430.912123006,195782.47560249275,198989.56230856926,,,864269.926479,850.7461007978026,635795.117006,195788.34925297034,170076.54898168315,,,864269.926479,850.7461007978026,635795.117006,195788.34925297034,170076.54898168315,,
,12/04/2023,1681257600,3864732.010719073,3864732.010719073,840119.4072971699,1734705.7236831684,777517.4615160896,271648.77977287665,240740.63844976845,,,840119.4072971699,1734705.7236831684,777517.4615160896,271648.77977287665,240740.63844976845,,,839280.12717,910.5541011716742,777675.329608,271721.32936781785,202303.05752081383,,,839280.12717,910.5541011716742,777675.329608,271721.32936781785,202303.05752081383,,
,25/04/2023,1682380800,3474587.378454578,3474587.378454578,642221.462417,1353463.0097651351,821844.99592,376696.4938551106,280361.4164973324,,,642221.462417,1353463.0097651351,821844.99592,376696.4938551106,280361.4164973324,,,642221.462417,745.8164859787821,821844.99592,377323.60568776366,214016.3484712461,,,642221.462417,745.8164859787821,821844.99592,377323.60568776366,214016.3484712461,,
,26/04/2023,1682467200,3556972.9026722023,3556972.9026722023,643688.8824053921,1413378.5369430988,819466.9660097178,376797.5419597082,303640.97535428515,,,643688.8824053921,1413378.5369430988,819466.9660097178,376797.5419597082,303640.97535428515,,,644241.641734,756.7076437215434,820430.151007,377337.8898179275,220029.6922857139,,,644241.641734,756.7076437215434,820430.151007,377337.8898179275,220029.6922857139,,
,27/04/2023,1682553600,3649404.0653691716,3649404.0653691716,639030.0300774389,1448606.5361121665,840733.6347329919,403068.967674092,315905.0204855519,2059.87628693,,639030.0300774389,1448606.5361121665,840733.6347329919,403068.967674092,315905.0204855519,2059.87628693,,638391.638439,768.8300610412895,839893.740992,403591.61882046453,225646.44320396567,0.07109641,,638391.638439,768.8300610412895,839893.740992,403591.61882046453,225646.44320396567,0.07109641,
,28/04/2023,1682640000,3643564.1712508826,3643564.1712508826,647065.453645611,1442899.1207379033,859151.5267008987,401207.8757441997,289330.53161819984,3909.6628040699998,,647065.453645611,1442899.1207379033,859151.5267008987,401207.8757441997,289330.53161819984,3909.6628040699998,,646419.034611,762.7243907757831,859405.051191,401689.0992851433,209659.80552043466,0.13317651,,646419.034611,762.7243907757831,859405.051191,401689.0992851433,209659.80552043466,0.13317651,
,29/04/2023,1682726400,3640951.9700347907,3640951.9700347907,647727.252509484,1440546.6112329476,858144.195098827,401297.7383190185,289331.1606923742,3905.0121821400003,,647727.252509484,1440546.6112329476,858144.195098827,401297.7383190185,289331.1606923742,3905.0121821400003,,646434.383742,761.6459115308284,858398.28099,401705.46937042946,209660.26137128568,0.13317687,,646434.383742,761.6459115308284,858398.28099,401705.46937042946,209660.26137128568,0.13317687,
,30/04/2023,1682812800,3676497.1522649396,3676497.1522649396,658124.60743029,1456911.2591297755,863422.395818,410481.24530071294,283678.653887411,3878.9906987499994,,658124.60743029,1456911.2591297755,863422.395818,410481.24530071294,283678.653887411,3878.9906987499994,,657467.14029,767.7045233196025,863422.395818,411114.773166162,210132.336212897,0.13318423,,657467.14029,767.7045233196025,863422.395818,411114.773166162,210132.336212897,0.13318423,
,01/05/2023,1682899200,3641104.0874044676,3641104.0874044676,656801.606309849,1394507.13232369,861762.6039773605,442552.91999045835,283331.7355286297,2148.08927448,,656801.606309849,1394507.13232369,861762.6039773605,442552.91999045835,283331.7355286297,2148.08927448,,656145.460849,754.9629327405312,862080.71176,442552.91999045835,209875.3596508368,0.07526328,,656145.460849,754.9629327405312,862080.71176,442552.91999045835,209875.3596508368,0.07526328,
,02/05/2023,1682985600,3581826.45999819,3581826.45999819,650817.5313417059,1367068.9299775362,854051.291960526,436879.68204493454,270846.38238928723,2162.6422842,,650817.5313417059,1367068.9299775362,854051.291960526,436879.68204493454,270846.38238928723,2162.6422842,,649518.494353,743.8616443451606,852346.598763,436007.6667115115,205186.65332521757,0.07707207,,649518.494353,743.8616443451606,852346.598763,436007.6667115115,205186.65332521757,0.07707207,
,03/05/2023,1683072000,3610834.6372923837,3610834.6372923837,640186.2409552609,1376442.271013388,880007.4054959393,436400.8163960699,274567.23706847575,3230.6663632500004,,640186.2409552609,1376442.271013388,880007.4054959393,436400.8163960699,274567.23706847575,3230.6663632500004,,639546.694261,738.3673543793689,880206.332127,436889.25858717033,206441.53163043287,0.11327325,,639546.694261,738.3673543793689,880206.332127,436889.25858717033,206441.53163043287,0.11327325,
,04/05/2023,1683158400,3646610.189124234,3646610.189124234,653529.608748,1427004.5531101201,866013.568894,426657.3137813596,270098.1373205643,3307.00727019,,653529.608748,1427004.5531101201,866013.568894,426657.3137813596,270098.1373205643,3307.00727019,,653529.608748,749.8473790159638,866013.568894,428059.6371526717,200072.6943115291,0.11328083,,653529.608748,749.8473790159638,866013.568894,428059.6371526717,200072.6943115291,0.11328083,
,05/05/2023,1683244800,3608685.0831717,3608685.0831717,632728.3506093549,1390774.019050332,846957.6988642769,423018.287975242,311887.28846295446,3319.43820954,,632728.3506093549,1390774.019050332,846957.6988642769,423018.287975242,311887.28846295446,3319.43820954,,632096.254355,731.8053002943125,846111.587277,423113.4885101568,234501.72064883792,0.11328754,,632096.254355,731.8053002943125,846111.587277,423113.4885101568,234501.72064883792,0.11328754,
,06/05/2023,1683331200,3707626.3487141184,3707626.3487141184,613799.3087776549,1487251.5221998512,876156.51457163,407700.867026929,319370.10228861327,3348.0338494400003,,613799.3087776549,1487251.5221998512,876156.51457163,407700.867026929,319370.10228861327,3348.0338494400003,,613186.122655,750.70869766237,876582.533683,408111.8356454239,240127.89645760396,0.11329297,,613186.122655,750.70869766237,876582.533683,408111.8356454239,240127.89645760396,0.11329297,
,07/05/2023,1683417600,3621053.3010173016,3621053.3010173016,643041.490612326,1437158.1708651248,871350.5465923435,408152.7850020226,259868.80383188435,1481.5041136,,643041.490612326,1437158.1708651248,871350.5465923435,408152.7850020226,259868.80383188435,1481.5041136,,641757.974663,756.6061084429026,871495.214798,408152.7850020226,209571.6159934551,0.05115691,,641757.974663,756.6061084429026,871495.214798,408152.7850020226,209571.6159934551,0.05115691,
,08/05/2023,1683504000,3622353.561569507,3622353.561569507,667758.341804554,1443671.592588217,858207.2705506298,431445.6563111313,219857.00192278452,1413.69839219,,667758.341804554,1443671.592588217,858207.2705506298,431445.6563111313,219857.00192278452,1413.69839219,,667091.250554,781.7829098190318,857349.92063,431603.6232372361,202446.59477236142,0.05116349,,667091.250554,781.7829098190318,857349.92063,431603.6232372361,202446.59477236142,0.05116349,
,09/05/2023,1683590400,3621910.1443869257,3621910.1443869257,667935.805423446,1443557.664642599,856886.4127572159,431476.0365490159,220643.12796224863,1411.0970524,,667935.805423446,1443557.664642599,856886.4127572159,431476.0365490159,220643.12796224863,1411.0970524,,666602.600223,782.993244148857,857371.685131,431902.75647241063,202424.8880387602,0.05116378,,666602.600223,782.993244148857,857371.685131,431902.75647241063,202424.8880387602,0.05116378,
,17/05/2023,1684281600,3812065.0772591047,3812065.0772591047,650249.9883434571,1498890.0863726595,873946.5475207958,432585.8387126755,202099.84339436467,140979.67796395,13313.09495120172,650249.9883434571,1498890.0863726595,873946.5475207958,432585.8387126755,202099.84339436467,140979.67796395,13313.09495120172,650704.179861,822.9600658705458,874172.958317,433445.3608632673,168416.53616197055,5.14956635,1258.326554934,650704.179861,822.9600658705458,874172.958317,433445.3608632673,168416.53616197055,5.14956635,1258.326554934
,18/05/2023,1684368000,3827697.9427510947,3827697.9427510947,661406.7236506729,1507964.5620060286,874237.791761,427754.1832831555,202100.07244215655,140908.93138917,13325.67821891142,661406.7236506729,1507964.5620060286,874237.791761,427754.1832831555,202100.07244215655,140908.93138917,13325.67821891142,660745.977673,826.6896343435276,874237.791761,428559.0171173018,168416.72703513046,5.14961559,1258.326555138,660745.977673,826.6896343435276,874237.791761,428559.0171173018,168416.72703513046,5.14961559,1258.326555138
,19/05/2023,1684454400,3793559.1335883914,3793559.1335883914,666059.60627,1481933.7337659178,870331.319785,428427.0774916755,195260.70353008335,138334.26391224,13212.4288334745,666059.60627,1481933.7337659178,870331.319785,428427.0774916755,195260.70353008335,138334.26391224,13212.4288334745,666059.60627,821.448260173453,870331.319785,428639.6827743316,169791.91611311596,5.14981252,1258.326555569,666059.60627,821.448260173453,870331.319785,428639.6827743316,169791.91611311596,5.14981252,1258.326555569
,20/05/2023,1684540800,3841293.736787042,3841293.736787042,658610.4352679357,1482031.172932805,874009.0399579437,480203.407848052,197568.19419621344,135684.03628909998,13187.45029499256,658610.4352679357,1482031.172932805,874009.0399579437,480203.407848052,197568.19419621344,135684.03628909998,13187.45029499256,658618.338688,818.856041799901,874351.785858,480902.6402870293,170317.4087898392,5.05190395,1258.344493797,658618.338688,818.856041799901,874351.785858,480902.6402870293,170317.4087898392,5.05190395,1258.344493797
,21/05/2023,1684627200,3830813.5522939377,3830813.5522939377,655660.646481,1488537.0664589424,854601.655761,480411.85116670467,201088.2792030164,137326.36540668,13187.68781659456,655660.646481,1488537.0664589424,854601.655761,480411.85116670467,201088.2792030164,137326.36540668,13187.68781659456,655660.646481,818.1787066991378,854601.655761,480434.4315849892,171870.32410514224,5.05210674,1258.367158072,655660.646481,818.1787066991378,854601.655761,480434.4315849892,171870.32410514224,5.05210674,1258.367158072
,22/05/2023,1684713600,3807296.879866671,3807296.879866671,656716.327954,1457563.1813396667,864737.8637681761,481499.03528496396,198773.64435367697,134806.29414108,13200.533025107039,656716.327954,1457563.1813396667,864737.8637681761,481499.03528496396,198773.64435367697,134806.29414108,13200.533025107039,656716.327954,809.9598129197115,863011.840088,481499.03528496396,177476.46817292584,5.05233094,1258.392090096,656716.327954,809.9598129197115,863011.840088,481499.03528496396,177476.46817292584,5.05233094,1258.392090096
,23/05/2023,1684800000,3885779.1507910276,3885779.1507910276,656647.7204203095,1444872.7200296866,879313.6510048179,481537.26932712726,200390.3510529623,101576.17196276,121441.26699336417,656647.7204203095,1444872.7200296866,879313.6510048179,481537.26932712726,200390.3510529623,101576.17196276,121441.26699336417,657310.947166,795.5559030656028,880804.853622,481537.26932712726,178919.95629728775,3.78295676,11610.063766096,657310.947166,795.5559030656028,880804.853622,481537.26932712726,178919.95629728775,3.78295676,11610.063766096
,24/05/2023,1684886400,3839916.6059888573,3839916.6059888573,644015.318842198,1436083.685750017,863431.5104290476,479276.3169329512,192714.89618250137,102837.47934959999,121557.39850254255,644015.318842198,1436083.685750017,863431.5104290476,479276.3169329512,192714.89618250137,102837.47934959999,121557.39850254255,644035.283936,776.0810653469825,863730.361134,479467.62451513275,167578.17059347947,3.78357172,11610.066714665,644035.283936,776.0810653469825,863730.361134,479467.62451513275,167578.17059347947,3.78357172,11610.066714665
,25/05/2023,1684972800,3721405.2069528643,3721405.2069528643,679816.516927,1354786.0411242777,877410.6822789531,465181.3073324598,182343.30557035762,40774.31804472,121093.03567509576,679816.516927,1354786.0411242777,877410.6822789531,465181.3073324598,182343.30557035762,40774.31804472,121093.03567509576,679816.516927,761.6120849116717,877439.637787,465536.5116908799,165766.64142759782,1.55437321,11610.070534525,679816.516927,761.6120849116717,877439.637787,465536.5116908799,165766.64142759782,1.55437321,11610.070534525
,26/05/2023,1685059200,3785737.2081562667,3785737.2081562667,677703.3072173868,1388017.2818099177,908491.7334693199,465457.4355939824,183021.85233476668,41139.82812933,121905.76960156349,677703.3072173868,1388017.2818099177,908491.7334693199,465457.4355939824,183021.85233476668,41139.82812933,121905.76960156349,677791.420102,768.9377831876825,907584.14932,465457.4355939824,164884.55165294293,1.55438199,11610.073295387,677791.420102,768.9377831876825,907584.14932,465457.4355939824,164884.55165294293,1.55438199,11610.073295387
,27/05/2023,1685145600,3638066.8120816853,3638066.8120816853,651828.127997,1314211.4974548232,873970.2856930317,444235.32977936283,190384.99868207512,41646.86450964,121789.70796575227,651828.127997,1314211.4974548232,873970.2856930317,444235.32977936283,190384.99868207512,41646.86450964,121789.70796575227,651828.127997,716.5898741833735,874137.245907,444389.9774915299,164124.99886385788,1.55439348,11610.077022474,651828.127997,716.5898741833735,874137.245907,444389.9774915299,164124.99886385788,1.55439348,11610.077022474
,28/05/2023,1685232000,3670244.9046239224,3670244.9046239224,658424.1513981109,1327389.6181728728,873490.43776974,449368.5535754399,196803.43505557405,42166.26468162,122602.44397056481,658424.1513981109,1327389.6181728728,873490.43776974,449368.5535754399,196803.43505557405,42166.26468162,122602.44397056481,656454.787037,717.9658474988765,870010.396185,448919.63394149847,162647.46698807774,1.55440206,11610.079921455,656454.787037,717.9658474988765,870010.396185,448919.63394149847,162647.46698807774,1.55440206,11610.079921455
,29/05/2023,1685318400,3746899.6352148186,3746899.6352148186,659066.155706115,1378389.1631507021,826173.3285380087,518762.2214195223,198059.24612492838,43498.73005104,122950.79022450131,659066.155706115,1378389.1631507021,826173.3285380087,518762.2214195223,198059.24612492838,43498.73005104,122950.79022450131,659087.905607,724.9109437751529,826526.255249,518842.6420290368,157189.8778769273,1.55441431,11610.084062748,659087.905607,724.9109437751529,826526.255249,518842.6420290368,157189.8778769273,1.55441431,11610.084062748
,30/05/2023,1685404800,3720197.9116084743,3720197.9116084743,640997.6503884614,1354719.0695074238,848507.702363321,518797.3644396121,191017.548266682,43091.65923922,123066.9174037544,640997.6503884614,1354719.0695074238,848507.702363321,518797.3644396121,191017.548266682,43091.65923922,123066.9174037544,641714.445424,715.3783153214715,847660.042321,518857.0329984069,156571.7608743295,1.55442101,11610.086547524,641714.445424,715.3783153214715,847660.042321,518857.0329984069,156571.7608743295,1.55442101,11610.086547524
,31/05/2023,1685491200,3735991.9654453895,3735991.9654453895,661476.4172206189,1349153.6691953663,844679.7617548289,529404.8914548424,189821.39982577154,43189.6886224,118266.13737156132,661476.4172206189,1349153.6691953663,844679.7617548289,529404.8914548424,189821.39982577154,43189.6886224,118266.13737156132,660815.601619,707.4113315516531,843835.925829,528876.015439403,154326.34132176547,1.55442464,11210.060414366,660815.601619,707.4113315516531,843835.925829,528876.015439403,154326.34132176547,1.55442464,11210.060414366
,01/06/2023,1685577600,3594237.119640835,3594237.119640835,673418.5245627839,1338175.9882216037,827245.6831548909,518242.97101771244,183396.45285707864,44463.97561464,9293.52421212638,673418.5245627839,1338175.9882216037,827245.6831548909,518242.97101771244,183396.45285707864,44463.97561464,9293.52421212638,672745.778784,718.1829828161112,826419.263891,519141.60513620323,159475.1763974597,1.64791252,888.482238253,672745.778784,718.1829828161112,826419.263891,519141.60513620323,159475.1763974597,1.64791252,888.482238253
,02/06/2023,1685664000,3571280.0190914734,3571280.0190914734,658832.337068,1322025.1286063492,835088.3759556849,519150.287072343,185109.60305798738,41745.0154653,9329.271865809,658832.337068,1322025.1286063492,835088.3759556849,519150.287072343,185109.60305798738,41745.0154653,9329.271865809,658832.337068,710.2277996821492,835166.046398,519150.287072343,159577.24401550638,1.55544435,888.502082458,658832.337068,710.2277996821492,835166.046398,519150.287072343,159577.24401550638,1.55544435,888.502082458
,03/06/2023,1685750400,3497822.736256766,3497822.736256766,630678.396417,1286501.8056903982,819226.7766896504,514989.1768544951,197878.08220011822,42330.68875794,6217.809647164099,630678.396417,1286501.8056903982,819226.7766896504,514989.1768544951,197878.08220011822,42330.68875794,6217.809647164099,630678.396417,675.5559903014127,819391.474376,515107.1363887281,159579.09854848243,1.55547471,587.694673645,630678.396417,675.5559903014127,819391.474376,515107.1363887281,159579.09854848243,1.55547471,587.694673645
,04/06/2023,1685836800,3541793.0709617124,3541793.0709617124,666162.733949,1264875.4121712241,849558.2816454847,516943.7306099606,193335.019684837,42169.1584983,8748.73440290584,666162.733949,1264875.4121712241,849558.2816454847,516943.7306099606,193335.019684837,42169.1584983,8748.73440290584,666162.733949,668.7367361223322,849729.07719,517125.2415697516,159781.00800399753,1.55548353,827.694834712,666162.733949,668.7367361223322,849729.07719,517125.2415697516,159781.00800399753,1.55548353,827.694834712
,05/06/2023,1685923200,3562887.652503214,3562887.652503214,640633.504364854,1292786.1341061667,852988.9596278049,537121.5518804593,188436.2291039444,42147.64157952,8773.631840465,640633.504364854,1292786.1341061667,852988.9596278049,537121.5518804593,188436.2291039444,42147.64157952,8773.631840465,639993.510854,685.7845304840895,852136.822805,537146.2606084472,159691.7195796139,1.55549312,827.701117025,639993.510854,685.7845304840895,852136.822805,537146.2606084472,159691.7195796139,1.55549312,827.701117025
,06/06/2023,1686009600,3536612.3886645823,3536612.3886645823,657121.5898006759,1320035.5489326492,797938.533521,532441.0768137497,181191.31320059145,39209.00466819,8675.32172772584,657121.5898006759,1320035.5489326492,797938.533521,532441.0768137497,181191.31320059145,39209.00466819,8675.32172772584,656465.124676,729.652125017356,797938.533521,532457.0505252655,158939.74842157145,1.51919891,827.797874783,656465.124676,729.652125017356,797938.533521,532457.0505252655,158939.74842157145,1.51919891,827.797874783
,07/06/2023,1686096000,3586751.6545442697,3586751.6545442697,651907.9870082779,1374462.368460518,786015.8523227009,532482.8811718149,189032.45789530975,41475.82962851,11374.278057137999,651907.9870082779,1374462.368460518,786015.8523227009,532482.8811718149,189032.45789530975,41475.82962851,11374.278057137999,651256.730278,726.8749436573298,785230.621701,532482.8811718149,158850.8049540418,1.51920551,1073.04509973,651256.730278,726.8749436573298,785230.621701,532482.8811718149,158850.8049540418,1.51920551,1073.04509973
,08/06/2023,1686182400,3480872.632951998,3480872.632951998,646005.36516,1307314.9630097281,765747.4073750227,530974.6260044933,179276.84115834595,40221.242541,11332.187703408,646005.36516,1307314.9630097281,765747.4073750227,530974.6260044933,179276.84115834595,40221.242541,11332.187703408,646005.36516,710.7174304049233,765823.989774,532548.8403766467,158652.0718215451,1.51921596,1073.12383555,646005.36516,710.7174304049233,765823.989774,532548.8403766467,158652.0718215451,1.51921596,1073.12383555
,09/06/2023,1686268800,3474817.108388416,3474817.108388416,640942.106513,1307388.6238495612,763366.710145,532317.3416843127,179164.102797903,40262.46305214,11375.7603464994,640942.106513,1307388.6238495612,763366.710145,532317.3416843127,179164.102797903,40262.46305214,11375.7603464994,640942.106513,708.6923844175008,763366.710145,532569.2469381144,158552.30336097613,1.51922357,1073.184938349,640942.106513,708.6923844175008,763366.710145,532569.2469381144,158552.30336097613,1.51922357,1073.184938349
,10/06/2023,1686355200,3517854.506707788,3517854.506707788,652710.47810856,1354157.4925205149,750329.2820256571,531480.054958776,177579.75658066315,40177.7615365,11419.68097711672,652710.47810856,1354157.4925205149,750329.2820256571,531480.054958776,177579.75658066315,40177.7615365,11419.68097711672,652867.819253,737.3296375964514,750880.42826,532601.1804436098,158553.3540898778,1.51923775,1073.278287323,652867.819253,737.3296375964514,750880.42826,532601.1804436098,158553.3540898778,1.51923775,1073.278287323
,11/06/2023,1686441600,3375383.4943399546,3375383.4943399546,625431.068643,1286563.355502505,757892.5906860866,501719.6803806513,153328.90345429993,39123.82488768,11324.070785731901,625431.068643,1286563.355502505,757892.5906860866,501719.6803806513,153328.90345429993,39123.82488768,11324.070785731901,625431.068643,736.4457469719375,758190.559576,502540.32873747963,156340.33090825472,1.51925384,1073.371638458,625431.068643,736.4457469719375,758190.559576,502540.32873747963,156340.33090825472,1.51925384,1073.371638458
,12/06/2023,1686528000,3306463.6839888454,3306463.6839888454,615970.4839020327,1254756.0060497355,729408.787707,502198.56083812483,153402.21800214658,39370.326759539996,11357.30073026626,615970.4839020327,1254756.0060497355,729408.787707,502198.56083812483,153402.21800214658,39370.326759539996,11357.30073026626,616352.622528,718.395065898933,729408.787707,502574.98950526427,154568.2811148772,1.51926861,1073.468878097,616352.622528,718.395065898933,729408.787707,502574.98950526427,154568.2811148772,1.51926861,1073.468878097
,13/06/2023,1686614400,3329959.2089836295,3329959.2089836295,621436.7324054956,1293964.9563858672,734612.2865277096,479217.4482633795,150235.96787953505,39144.305883,11347.51163864262,621436.7324054956,1293964.9563858672,734612.2865277096,479217.4482633795,150235.96787953505,39144.305883,11347.51163864262,621914.362636,747.9436520672284,735988.585182,480313.5237245189,154669.2526687803,1.5192822,1073.558338566,621914.362636,747.9436520672284,735988.585182,480313.5237245189,154669.2526687803,1.5192822,1073.558338566
,14/06/2023,1686700800,3294384.8838408594,3294384.8838408594,614194.2600489295,1220813.5336140436,719130.4894929943,479158.5890140702,157424.38065430315,39404.486213920005,64259.14480259843,614194.2600489295,1220813.5336140436,719130.4894929943,479158.5890140702,157424.38065430315,39404.486213920005,64259.14480259843,614830.60973,700.2205564845071,719777.569528,480343.5966670478,156174.98080784042,1.51929697,6073.643176049,614830.60973,700.2205564845071,719777.569528,480343.5966670478,156174.98080784042,1.51929697,6073.643176049
,15/06/2023,1686787200,3221755.7176986923,3221755.7176986923,610583.0570159319,1161054.9946631184,721994.7215157893,482974.23516596574,142952.11871097816,38058.744307500005,64137.846319409284,610583.0570159319,1161054.9946631184,721994.7215157893,482974.23516596574,142952.11871097816,38058.744307500005,64137.846319409284,609973.083932,704.5022873475431,722727.567269,483383.1773339903,152397.89248509693,1.51931115,6073.659689338,609973.083932,704.5022873475431,722727.567269,483383.1773339903,152397.89248509693,1.51931115,6073.659689338
,16/06/2023,1686873600,3204734.14340383,3204734.14340383,593311.3356000205,1216276.7376553256,695266.8278556877,482618.61522211804,143366.08587824737,8782.9302918,65111.61090063104,593311.3356000205,1216276.7376553256,695266.8278556877,482618.61522211804,143366.08587824737,8782.9302918,65111.61090063104,593851.146292,731.7622901206446,695733.665145,483411.89414040244,151869.72753194347,0.3445097,6073.844300432,593851.146292,731.7622901206446,695733.665145,483411.89414040244,151869.72753194347,0.3445097,6073.844300432
,17/06/2023,1686960000,3249416.2286734967,3249416.2286734967,590897.7720319796,1250930.403564565,704067.1212122496,483368.4244577184,146842.70844886766,7222.6800738,66087.1188843168,590897.7720319796,1250930.403564565,704067.1212122496,483368.4244577184,146842.70844886766,7222.6800738,66087.1188843168,591570.979807,728.598289687556,704193.17179,484096.02077694616,151162.32299064845,0.27420957,6074.183720985,591570.979807,728.598289687556,704193.17179,484096.02077694616,151162.32299064845,0.27420957,6074.183720985
,18/06/2023,1687046400,3270276.158110846,3270276.158110846,603539.0145072266,1256515.4114392716,683488.32648,482819.73491758504,149093.051149675,29034.46028595,65786.1593311371,603539.0145072266,1256515.4114392716,683488.32648,482819.73491758504,149093.051149675,29034.46028595,65786.1593311371,603708.052762,728.532985898738,683488.32648,483100.4162594318,151214.28514164197,1.09791871,6074.43761137,603708.052762,728.532985898738,683488.32648,483100.4162594318,151214.28514164197,1.09791871,6074.43761137
,19/06/2023,1687132800,3308528.8983533727,3308528.8983533727,604340.21814166,1245373.3020496727,731158.1394297179,483391.1283768659,150182.07854765144,28963.3385296,65120.69327820512,604340.21814166,1245373.3020496727,731158.1394297179,483391.1283768659,150182.07854765144,28963.3385296,65120.69327820512,603736.48166,723.2805034438001,730427.711718,484133.3047330216,151206.04589042137,1.09792792,6074.691537146,603736.48166,723.2805034438001,730427.711718,484133.3047330216,151206.04589042137,1.09792792,6074.691537146
,20/06/2023,1687219200,3402362.5417516064,3402362.5417516064,603507.203866,1268891.9795299263,777497.132780368,504677.13673285383,153019.9100276929,29585.013904980002,65184.164909785155,603507.203866,1268891.9795299263,777497.132780368,504677.13673285383,153019.9100276929,29585.013904980002,65184.164909785155,603507.203866,728.8084658854865,776720.412368,504172.96376908483,150907.20910028886,1.09793713,6074.945471555,603507.203866,728.8084658854865,776720.412368,504172.96376908483,150907.20910028886,1.09793713,6074.945471555